subsecao_id,municipio_id,year
19.0,19.0,2018
19.0,434.0,2018
35.0,35.0,2018
35.0,78.0,2018
35.0,159.0,2018
35.0,396.0,2018
35.0,477.0,2018
35.0,493.0,2018
35.0,590.0,2018
35.0,612.0,2018
35.0,620.0,2018
35.0,639.0,2018
35.0,647.0,2018
35.0,663.0,2018
35.0,671.0,2018
35.0,680.0,2018
35.0,698.0,2018
35.0,779.0,2018
51.0,51.0,2018
51.0,94.0,2018
51.0,175.0,2018
51.0,191.0,2018
51.0,213.0,2018
51.0,299.0,2018
51.0,310.0,2018
51.0,337.0,2018
51.0,353.0,2018
51.0,370.0,2018
51.0,418.0,2018
51.0,515.0,2018
51.0,531.0,2018
51.0,558.0,2018
51.0,566.0,2018
51.0,574.0,2018
51.0,582.0,2018
51.0,604.0,2018
51.0,701.0,2018
51.0,728.0,2018
51.0,736.0,2018
51.0,744.0,2018
51.0,752.0,2018
51.0,795.0,2018
132.0,116.0,2018
132.0,132.0,2018
132.0,230.0,2018
132.0,256.0,2018
132.0,272.0,2018
132.0,450.0,2018
132.0,655.0,2018
132.0,787.0,2018
132.0,809.0,2018
1074.0,1040.0,2018
1074.0,1066.0,2018
1074.0,1082.0,2018
1074.0,1090.0,2018
1074.0,1104.0,2018
1074.0,1139.0,2018
1074.0,1473.0,2018
1392.0,1007.0,2018
1392.0,1015.0,2018
1392.0,1023.0,2018
1392.0,1031.0,2018
1392.0,1058.0,2018
1392.0,1074.0,2018
1392.0,1112.0,2018
1392.0,1120.0,2018
1392.0,1392.0,2018
1392.0,1457.0,2018
1392.0,1490.0,2018
1392.0,1511.0,2018
1392.0,1538.0,2018
1392.0,1554.0,2018
1392.0,1570.0,2018
2550.0,2003.0,2018
2550.0,2011.0,2018
2550.0,2020.0,2018
2550.0,2038.0,2018
2550.0,2046.0,2018
2550.0,2070.0,2018
2550.0,2097.0,2018
2550.0,2119.0,2018
2550.0,2151.0,2018
2550.0,2178.0,2018
2550.0,2194.0,2018
2550.0,2232.0,2018
2550.0,2275.0,2018
2550.0,2291.0,2018
2550.0,2313.0,2018
2550.0,2356.0,2018
2550.0,2372.0,2018
2550.0,2399.0,2018
2550.0,2410.0,2018
2550.0,2437.0,2018
2550.0,2518.0,2018
2550.0,2534.0,2018
2550.0,2550.0,2018
2550.0,2577.0,2018
2550.0,2615.0,2018
2550.0,2631.0,2018
2550.0,2658.0,2018
2550.0,2674.0,2018
2550.0,2690.0,2018
2550.0,2712.0,2018
2550.0,2771.0,2018
2550.0,2836.0,2018
2550.0,2852.0,2018
2550.0,2879.0,2018
2550.0,2933.0,2018
2550.0,2950.0,2018
2550.0,2976.0,2018
2550.0,2992.0,2018
2550.0,98353.0,2018
2550.0,98370.0,2018
2550.0,98396.0,2018
2550.0,98418.0,2018
2550.0,98434.0,2018
2550.0,98450.0,2018
2810.0,2216.0,2018
2810.0,2259.0,2018
2810.0,2330.0,2018
2810.0,2453.0,2018
2810.0,2470.0,2018
2810.0,2593.0,2018
2810.0,2798.0,2018
2810.0,2810.0,2018
2810.0,2895.0,2018
2810.0,98493.0,2018
3018.0,3000.0,2018
3018.0,3018.0,2018
3018.0,3026.0,2018
3018.0,3034.0,2018
3018.0,3042.0,2018
3018.0,3050.0,2018
3018.0,3069.0,2018
3018.0,3077.0,2018
3018.0,3085.0,2018
3018.0,3093.0,2018
3018.0,3107.0,2018
3018.0,3115.0,2018
3018.0,3123.0,2018
3018.0,3131.0,2018
3018.0,3158.0,2018
4111.0,4111.0,2018
4111.0,4227.0,2018
4111.0,4405.0,2018
4111.0,4723.0,2018
4111.0,5177.0,2018
4111.0,5550.0,2018
4111.0,5754.0,2018
4111.0,5770.0,2018
4278.0,4014.0,2018
4278.0,4030.0,2018
4278.0,4057.0,2018
4278.0,4138.0,2018
4278.0,4154.0,2018
4278.0,4219.0,2018
4278.0,4235.0,2018
4278.0,4243.0,2018
4278.0,4251.0,2018
4278.0,4278.0,2018
4278.0,4294.0,2018
4278.0,4359.0,2018
4278.0,4375.0,2018
4278.0,4391.0,2018
4278.0,4413.0,2018
4278.0,4499.0,2018
4278.0,4510.0,2018
4278.0,4553.0,2018
4278.0,4642.0,2018
4278.0,4650.0,2018
4278.0,4790.0,2018
4278.0,4898.0,2018
4278.0,4910.0,2018
4278.0,4936.0,2018
4278.0,4979.0,2018
4278.0,5037.0,2018
4278.0,5134.0,2018
4278.0,5150.0,2018
4278.0,5258.0,2018
4278.0,5274.0,2018
4278.0,5290.0,2018
4278.0,5398.0,2018
4278.0,5410.0,2018
4278.0,5533.0,2018
4278.0,5576.0,2018
4278.0,5592.0,2018
4278.0,5630.0,2018
4278.0,5819.0,2018
4472.0,4065.0,2018
4472.0,4170.0,2018
4472.0,4316.0,2018
4472.0,4332.0,2018
4472.0,4430.0,2018
4472.0,4472.0,2018
4472.0,4545.0,2018
4472.0,4570.0,2018
4472.0,4634.0,2018
4472.0,4669.0,2018
4472.0,4677.0,2018
4472.0,4685.0,2018
4472.0,4812.0,2018
4472.0,4820.0,2018
4472.0,4855.0,2018
4472.0,4871.0,2018
4472.0,4995.0,2018
4472.0,5118.0,2018
4472.0,5215.0,2018
4472.0,5231.0,2018
4472.0,5312.0,2018
4472.0,5371.0,2018
4472.0,5436.0,2018
4472.0,5479.0,2018
4472.0,5657.0,2018
4715.0,4197.0,2018
4715.0,4200.0,2018
4715.0,4286.0,2018
4715.0,4383.0,2018
4715.0,4715.0,2018
4839.0,4049.0,2018
4839.0,4120.0,2018
4839.0,4162.0,2018
4839.0,4464.0,2018
4839.0,4502.0,2018
4839.0,4600.0,2018
4839.0,4707.0,2018
4839.0,4731.0,2018
4839.0,4782.0,2018
4839.0,4839.0,2018
4839.0,5495.0,2018
4839.0,5738.0,2018
4839.0,5797.0,2018
4839.0,5835.0,2018
4839.0,5851.0,2018
4839.0,5932.0,2018
5096.0,4103.0,2018
5096.0,4146.0,2018
5096.0,4189.0,2018
5096.0,4324.0,2018
5096.0,4340.0,2018
5096.0,4456.0,2018
5096.0,4480.0,2018
5096.0,4693.0,2018
5096.0,4766.0,2018
5096.0,5070.0,2018
5096.0,5096.0,2018
5096.0,5517.0,2018
5096.0,5878.0,2018
5096.0,5975.0,2018
5355.0,4073.0,2018
5355.0,4090.0,2018
5355.0,4367.0,2018
5355.0,4596.0,2018
5355.0,4618.0,2018
5355.0,4626.0,2018
5355.0,4740.0,2018
5355.0,4774.0,2018
5355.0,4804.0,2018
5355.0,4952.0,2018
5355.0,5010.0,2018
5355.0,5053.0,2018
5355.0,5193.0,2018
5355.0,5355.0,2018
5355.0,5894.0,2018
5614.0,4006.0,2018
5614.0,4022.0,2018
5614.0,4421.0,2018
5614.0,4448.0,2018
5614.0,4758.0,2018
5614.0,5614.0,2018
5614.0,5916.0,2018
5673.0,4081.0,2018
5673.0,4260.0,2018
5673.0,4308.0,2018
5673.0,4529.0,2018
5673.0,4537.0,2018
5673.0,4561.0,2018
5673.0,4588.0,2018
5673.0,4847.0,2018
5673.0,5339.0,2018
5673.0,5452.0,2018
5673.0,5673.0,2018
5673.0,5690.0,2018
5673.0,5711.0,2018
5673.0,5959.0,2018
5673.0,5991.0,2018
6050.0,6009.0,2018
6050.0,6017.0,2018
6050.0,6025.0,2018
6050.0,6041.0,2018
6050.0,6050.0,2018
6050.0,6068.0,2018
6050.0,6076.0,2018
6050.0,6084.0,2018
6050.0,6106.0,2018
6050.0,6114.0,2018
6050.0,6157.0,2018
6050.0,6173.0,2018
6092.0,6033.0,2018
6092.0,6092.0,2018
6130.0,6122.0,2018
6130.0,6130.0,2018
7234.0,7021.0,2018
7234.0,7072.0,2018
7234.0,7234.0,2018
7234.0,7285.0,2018
7234.0,7307.0,2018
7234.0,7501.0,2018
7234.0,7773.0,2018
7234.0,7803.0,2018
7234.0,7846.0,2018
7234.0,8010.0,2018
7234.0,8052.0,2018
7234.0,8087.0,2018
7234.0,8133.0,2018
7234.0,8150.0,2018
7234.0,8176.0,2018
7234.0,8427.0,2018
7234.0,8443.0,2018
7234.0,8460.0,2018
7234.0,8478.0,2018
7234.0,8710.0,2018
7234.0,8753.0,2018
7234.0,9237.0,2018
7234.0,9539.0,2018
7234.0,9598.0,2018
7277.0,7099.0,2018
7277.0,7277.0,2018
7277.0,7293.0,2018
7277.0,7358.0,2018
7277.0,7528.0,2018
7277.0,7536.0,2018
7277.0,7560.0,2018
7277.0,7676.0,2018
7277.0,7749.0,2018
7277.0,7790.0,2018
7277.0,7935.0,2018
7277.0,7986.0,2018
7277.0,8214.0,2018
7277.0,8265.0,2018
7277.0,8338.0,2018
7277.0,8400.0,2018
7277.0,8451.0,2018
7277.0,8532.0,2018
7277.0,8591.0,2018
7277.0,8877.0,2018
7277.0,8931.0,2018
7277.0,9130.0,2018
7277.0,9199.0,2018
7277.0,9253.0,2018
7277.0,9318.0,2018
7277.0,9334.0,2018
7579.0,7013.0,2018
7579.0,7056.0,2018
7579.0,7439.0,2018
7579.0,7579.0,2018
7579.0,7633.0,2018
7579.0,7650.0,2018
7579.0,7757.0,2018
7579.0,7820.0,2018
7579.0,7854.0,2018
7579.0,7870.0,2018
7579.0,7897.0,2018
7579.0,8311.0,2018
7579.0,8346.0,2018
7579.0,8486.0,2018
7579.0,8540.0,2018
7579.0,8559.0,2018
7579.0,8575.0,2018
7579.0,9156.0,2018
7579.0,9350.0,2018
7579.0,9377.0,2018
8036.0,7110.0,2018
8036.0,7242.0,2018
8036.0,7366.0,2018
8036.0,7382.0,2018
8036.0,7480.0,2018
8036.0,7609.0,2018
8036.0,7722.0,2018
8036.0,7862.0,2018
8036.0,8036.0,2018
8036.0,8095.0,2018
8036.0,8184.0,2018
8036.0,8281.0,2018
8036.0,8320.0,2018
8036.0,8389.0,2018
8036.0,8397.0,2018
8036.0,8508.0,2018
8036.0,8621.0,2018
8036.0,8770.0,2018
8036.0,9296.0,2018
8036.0,9610.0,2018
8036.0,9636.0,2018
9210.0,7005.0,2018
9210.0,7030.0,2018
9210.0,7048.0,2018
9210.0,7064.0,2018
9210.0,7080.0,2018
9210.0,7102.0,2018
9210.0,7129.0,2018
9210.0,7137.0,2018
9210.0,7145.0,2018
9210.0,7153.0,2018
9210.0,7161.0,2018
9210.0,7170.0,2018
9210.0,7188.0,2018
9210.0,7196.0,2018
9210.0,7200.0,2018
9210.0,7218.0,2018
9210.0,7226.0,2018
9210.0,7250.0,2018
9210.0,7269.0,2018
9210.0,7315.0,2018
9210.0,7323.0,2018
9210.0,7331.0,2018
9210.0,7340.0,2018
9210.0,7374.0,2018
9210.0,7390.0,2018
9210.0,7404.0,2018
9210.0,7412.0,2018
9210.0,7420.0,2018
9210.0,7447.0,2018
9210.0,7455.0,2018
9210.0,7463.0,2018
9210.0,7471.0,2018
9210.0,7498.0,2018
9210.0,7510.0,2018
9210.0,7544.0,2018
9210.0,7552.0,2018
9210.0,7595.0,2018
9210.0,7617.0,2018
9210.0,7625.0,2018
9210.0,7641.0,2018
9210.0,7668.0,2018
9210.0,7684.0,2018
9210.0,7692.0,2018
9210.0,7706.0,2018
9210.0,7714.0,2018
9210.0,7730.0,2018
9210.0,7765.0,2018
9210.0,7781.0,2018
9210.0,7811.0,2018
9210.0,7838.0,2018
9210.0,7889.0,2018
9210.0,7900.0,2018
9210.0,7919.0,2018
9210.0,7927.0,2018
9210.0,7943.0,2018
9210.0,7951.0,2018
9210.0,7960.0,2018
9210.0,7978.0,2018
9210.0,7994.0,2018
9210.0,8001.0,2018
9210.0,8028.0,2018
9210.0,8044.0,2018
9210.0,8060.0,2018
9210.0,8079.0,2018
9210.0,8109.0,2018
9210.0,8117.0,2018
9210.0,8125.0,2018
9210.0,8141.0,2018
9210.0,8168.0,2018
9210.0,8192.0,2018
9210.0,8206.0,2018
9210.0,8222.0,2018
9210.0,8230.0,2018
9210.0,8249.0,2018
9210.0,8257.0,2018
9210.0,8273.0,2018
9210.0,8290.0,2018
9210.0,8303.0,2018
9210.0,8354.0,2018
9210.0,8362.0,2018
9210.0,8370.0,2018
9210.0,8419.0,2018
9210.0,8435.0,2018
9210.0,8494.0,2018
9210.0,8516.0,2018
9210.0,8524.0,2018
9210.0,8567.0,2018
9210.0,8583.0,2018
9210.0,8605.0,2018
9210.0,8613.0,2018
9210.0,8630.0,2018
9210.0,8656.0,2018
9210.0,8672.0,2018
9210.0,8699.0,2018
9210.0,8737.0,2018
9210.0,8796.0,2018
9210.0,8818.0,2018
9210.0,8834.0,2018
9210.0,8850.0,2018
9210.0,8893.0,2018
9210.0,8915.0,2018
9210.0,8958.0,2018
9210.0,8974.0,2018
9210.0,8990.0,2018
9210.0,9016.0,2018
9210.0,9032.0,2018
9210.0,9059.0,2018
9210.0,9075.0,2018
9210.0,9091.0,2018
9210.0,9113.0,2018
9210.0,9172.0,2018
9210.0,9210.0,2018
9210.0,9270.0,2018
9210.0,9393.0,2018
9210.0,9415.0,2018
9210.0,9431.0,2018
9210.0,9458.0,2018
9210.0,9474.0,2018
9210.0,9490.0,2018
9210.0,9512.0,2018
9210.0,9555.0,2018
9210.0,9571.0,2018
9210.0,9652.0,2018
9210.0,9679.0,2018
9210.0,9695.0,2018
9210.0,9717.0,2018
10570.0,10219.0,2018
10570.0,10251.0,2018
10570.0,10375.0,2018
10570.0,10570.0,2018
10570.0,10596.0,2018
10570.0,10618.0,2018
10570.0,10634.0,2018
10570.0,10766.0,2018
10570.0,10871.0,2018
10570.0,10880.0,2018
10570.0,11312.0,2018
10570.0,11479.0,2018
10570.0,11517.0,2018
10570.0,11738.0,2018
10570.0,11835.0,2018
10570.0,11851.0,2018
10570.0,12041.0,2018
10570.0,12203.0,2018
10570.0,12300.0,2018
10570.0,12610.0,2018
10774.0,10049.0,2018
10774.0,10154.0,2018
10774.0,10162.0,2018
10774.0,10197.0,2018
10774.0,10200.0,2018
10774.0,10227.0,2018
10774.0,10332.0,2018
10774.0,10553.0,2018
10774.0,10715.0,2018
10774.0,10758.0,2018
10774.0,10774.0,2018
10774.0,10812.0,2018
10774.0,10898.0,2018
10774.0,10979.0,2018
10774.0,11010.0,2018
10774.0,11053.0,2018
10774.0,11118.0,2018
10774.0,11177.0,2018
10774.0,11193.0,2018
10774.0,11339.0,2018
10774.0,11398.0,2018
10774.0,11770.0,2018
10774.0,11797.0,2018
10774.0,11894.0,2018
10774.0,12017.0,2018
10774.0,12025.0,2018
10774.0,12068.0,2018
10774.0,12238.0,2018
10774.0,12289.0,2018
10774.0,12521.0,2018
10774.0,12564.0,2018
10774.0,12599.0,2018
10774.0,12637.0,2018
10774.0,12700.0,2018
11533.0,10065.0,2018
11533.0,10391.0,2018
11533.0,10529.0,2018
11533.0,10537.0,2018
11533.0,10820.0,2018
11533.0,11070.0,2018
11533.0,11134.0,2018
11533.0,11533.0,2018
11533.0,11657.0,2018
11533.0,12009.0,2018
11533.0,12475.0,2018
11533.0,12572.0,2018
11533.0,12670.0,2018
11533.0,12688.0,2018
11533.0,12696.0,2018
11592.0,10022.0,2018
11592.0,10146.0,2018
11592.0,10170.0,2018
11592.0,10359.0,2018
11592.0,10367.0,2018
11592.0,10383.0,2018
11592.0,10480.0,2018
11592.0,10677.0,2018
11592.0,10723.0,2018
11592.0,10782.0,2018
11592.0,10839.0,2018
11592.0,10855.0,2018
11592.0,10936.0,2018
11592.0,10944.0,2018
11592.0,10952.0,2018
11592.0,10995.0,2018
11592.0,11037.0,2018
11592.0,11088.0,2018
11592.0,11290.0,2018
11592.0,11371.0,2018
11592.0,11436.0,2018
11592.0,11592.0,2018
11592.0,11614.0,2018
11592.0,11630.0,2018
11592.0,11878.0,2018
11592.0,12033.0,2018
11592.0,12050.0,2018
11592.0,12130.0,2018
11592.0,12165.0,2018
11592.0,12181.0,2018
11592.0,12220.0,2018
11592.0,12254.0,2018
11592.0,12319.0,2018
11592.0,12335.0,2018
11592.0,12378.0,2018
11592.0,12467.0,2018
11592.0,12513.0,2018
11592.0,12548.0,2018
11592.0,12556.0,2018
11592.0,12629.0,2018
11592.0,12734.0,2018
12114.0,10081.0,2018
12114.0,10138.0,2018
12114.0,10243.0,2018
12114.0,10260.0,2018
12114.0,10286.0,2018
12114.0,10340.0,2018
12114.0,10413.0,2018
12114.0,10421.0,2018
12114.0,10456.0,2018
12114.0,10499.0,2018
12114.0,10502.0,2018
12114.0,10561.0,2018
12114.0,10588.0,2018
12114.0,10626.0,2018
12114.0,10642.0,2018
12114.0,10685.0,2018
12114.0,10707.0,2018
12114.0,10804.0,2018
12114.0,10847.0,2018
12114.0,10960.0,2018
12114.0,11452.0,2018
12114.0,11550.0,2018
12114.0,11991.0,2018
12114.0,12084.0,2018
12114.0,12114.0,2018
12114.0,12122.0,2018
12114.0,12157.0,2018
12114.0,12173.0,2018
12114.0,12262.0,2018
12114.0,12297.0,2018
12114.0,12327.0,2018
12114.0,12351.0,2018
12114.0,12386.0,2018
12114.0,12491.0,2018
12114.0,12505.0,2018
12114.0,12530.0,2018
12114.0,12602.0,2018
12190.0,10006.0,2018
12190.0,10014.0,2018
12190.0,10030.0,2018
12190.0,10057.0,2018
12190.0,10073.0,2018
12190.0,10090.0,2018
12190.0,10103.0,2018
12190.0,10111.0,2018
12190.0,10120.0,2018
12190.0,10189.0,2018
12190.0,10235.0,2018
12190.0,10278.0,2018
12190.0,10294.0,2018
12190.0,10308.0,2018
12190.0,10316.0,2018
12190.0,10324.0,2018
12190.0,10405.0,2018
12190.0,10430.0,2018
12190.0,10448.0,2018
12190.0,10464.0,2018
12190.0,10472.0,2018
12190.0,10510.0,2018
12190.0,10545.0,2018
12190.0,10600.0,2018
12190.0,10650.0,2018
12190.0,10669.0,2018
12190.0,10693.0,2018
12190.0,10731.0,2018
12190.0,10740.0,2018
12190.0,10790.0,2018
12190.0,10863.0,2018
12190.0,10901.0,2018
12190.0,10910.0,2018
12190.0,10928.0,2018
12190.0,10987.0,2018
12190.0,11096.0,2018
12190.0,11150.0,2018
12190.0,11215.0,2018
12190.0,11231.0,2018
12190.0,11258.0,2018
12190.0,11274.0,2018
12190.0,11355.0,2018
12190.0,11410.0,2018
12190.0,11495.0,2018
12190.0,11576.0,2018
12190.0,11673.0,2018
12190.0,11690.0,2018
12190.0,11711.0,2018
12190.0,11754.0,2018
12190.0,11819.0,2018
12190.0,11916.0,2018
12190.0,11932.0,2018
12190.0,11959.0,2018
12190.0,11975.0,2018
12190.0,12076.0,2018
12190.0,12092.0,2018
12190.0,12106.0,2018
12190.0,12149.0,2018
12190.0,12190.0,2018
12190.0,12211.0,2018
12190.0,12246.0,2018
12190.0,12270.0,2018
12190.0,12343.0,2018
12190.0,12360.0,2018
12190.0,12394.0,2018
12190.0,12408.0,2018
12190.0,12416.0,2018
12190.0,12424.0,2018
12190.0,12432.0,2018
12190.0,12440.0,2018
12190.0,12459.0,2018
12190.0,12483.0,2018
12190.0,12580.0,2018
12190.0,12653.0,2018
12190.0,12661.0,2018
12190.0,12718.0,2018
12190.0,12726.0,2018
13838.0,13340.0,2018
13838.0,13420.0,2018
13838.0,13447.0,2018
13838.0,13838.0,2018
13838.0,14133.0,2018
13838.0,14192.0,2018
13838.0,14737.0,2018
13838.0,14877.0,2018
13838.0,14893.0,2018
13838.0,15210.0,2018
13838.0,15652.0,2018
13897.0,13129.0,2018
13897.0,13145.0,2018
13897.0,13161.0,2018
13897.0,13188.0,2018
13897.0,13196.0,2018
13897.0,13226.0,2018
13897.0,13234.0,2018
13897.0,13242.0,2018
13897.0,13277.0,2018
13897.0,13285.0,2018
13897.0,13307.0,2018
13897.0,13412.0,2018
13897.0,13480.0,2018
13897.0,13579.0,2018
13897.0,13692.0,2018
13897.0,13730.0,2018
13897.0,13897.0,2018
13897.0,14036.0,2018
13897.0,14834.0,2018
13897.0,14931.0,2018
13897.0,14974.0,2018
13897.0,15032.0,2018
13897.0,15059.0,2018
13897.0,15334.0,2018
13897.0,15490.0,2018
14117.0,13056.0,2018
14117.0,13366.0,2018
14117.0,13650.0,2018
14117.0,13757.0,2018
14117.0,14095.0,2018
14117.0,14117.0,2018
14117.0,14494.0,2018
14117.0,14915.0,2018
14117.0,15199.0,2018
14117.0,15393.0,2018
14117.0,15610.0,2018
14117.0,15970.0,2018
14117.0,15989.0,2018
14117.0,98531.0,2018
14290.0,13030.0,2018
14290.0,13080.0,2018
14290.0,13323.0,2018
14290.0,14273.0,2018
14290.0,14290.0,2018
14290.0,14680.0,2018
14290.0,15539.0,2018
14290.0,15717.0,2018
14290.0,15776.0,2018
14290.0,15873.0,2018
14290.0,15954.0,2018
14290.0,15997.0,2018
14290.0,98558.0,2018
14478.0,13013.0,2018
14478.0,13110.0,2018
14478.0,13153.0,2018
14478.0,13250.0,2018
14478.0,13315.0,2018
14478.0,13331.0,2018
14478.0,13358.0,2018
14478.0,13374.0,2018
14478.0,13390.0,2018
14478.0,13498.0,2018
14478.0,13536.0,2018
14478.0,13633.0,2018
14478.0,13854.0,2018
14478.0,13870.0,2018
14478.0,13978.0,2018
14478.0,14150.0,2018
14478.0,14435.0,2018
14478.0,14451.0,2018
14478.0,14478.0,2018
14478.0,14516.0,2018
14478.0,14630.0,2018
14478.0,14672.0,2018
14478.0,14699.0,2018
14478.0,14850.0,2018
14478.0,15130.0,2018
14478.0,15237.0,2018
14478.0,15253.0,2018
14478.0,15431.0,2018
14478.0,15440.0,2018
14478.0,15750.0,2018
14478.0,15814.0,2018
14532.0,13137.0,2018
14532.0,13200.0,2018
14532.0,13218.0,2018
14532.0,13269.0,2018
14532.0,13439.0,2018
14532.0,13501.0,2018
14532.0,14214.0,2018
14532.0,14257.0,2018
14532.0,14354.0,2018
14532.0,14370.0,2018
14532.0,14397.0,2018
14532.0,14419.0,2018
14532.0,14532.0,2018
14532.0,14753.0,2018
14532.0,15016.0,2018
14532.0,15172.0,2018
14532.0,15318.0,2018
14532.0,15377.0,2018
14532.0,15512.0,2018
14532.0,15636.0,2018
14532.0,15938.0,2018
15270.0,13021.0,2018
15270.0,13382.0,2018
15270.0,13463.0,2018
15270.0,13471.0,2018
15270.0,13552.0,2018
15270.0,14060.0,2018
15270.0,14311.0,2018
15270.0,14338.0,2018
15270.0,15270.0,2018
15270.0,15296.0,2018
15270.0,15920.0,2018
15598.0,13005.0,2018
15598.0,13048.0,2018
15598.0,13064.0,2018
15598.0,13099.0,2018
15598.0,13404.0,2018
15598.0,13455.0,2018
15598.0,13510.0,2018
15598.0,13617.0,2018
15598.0,13676.0,2018
15598.0,13773.0,2018
15598.0,13811.0,2018
15598.0,13919.0,2018
15598.0,13951.0,2018
15598.0,13994.0,2018
15598.0,14010.0,2018
15598.0,14052.0,2018
15598.0,14079.0,2018
15598.0,14176.0,2018
15598.0,14230.0,2018
15598.0,14575.0,2018
15598.0,14591.0,2018
15598.0,14613.0,2018
15598.0,14656.0,2018
15598.0,14770.0,2018
15598.0,14796.0,2018
15598.0,14818.0,2018
15598.0,14990.0,2018
15598.0,15350.0,2018
15598.0,15415.0,2018
15598.0,15458.0,2018
15598.0,15474.0,2018
15598.0,15571.0,2018
15598.0,15598.0,2018
15598.0,15695.0,2018
15598.0,15733.0,2018
15598.0,15792.0,2018
15598.0,15830.0,2018
15598.0,15881.0,2018
15598.0,15890.0,2018
15598.0,15911.0,2018
15598.0,98574.0,2018
15679.0,13072.0,2018
15679.0,13102.0,2018
15679.0,13293.0,2018
15679.0,13714.0,2018
15679.0,14710.0,2018
15679.0,15075.0,2018
15679.0,15113.0,2018
15679.0,15555.0,2018
15679.0,15679.0,2018
15857.0,13170.0,2018
15857.0,13595.0,2018
15857.0,13935.0,2018
15857.0,14559.0,2018
15857.0,14958.0,2018
15857.0,15091.0,2018
15857.0,15156.0,2018
15857.0,15857.0,2018
16039.0,16039.0,2018
16039.0,16055.0,2018
16039.0,16080.0,2018
16039.0,16101.0,2018
16039.0,16128.0,2018
16039.0,16136.0,2018
16039.0,16144.0,2018
16039.0,16152.0,2018
16039.0,16250.0,2018
16039.0,16497.0,2018
16039.0,16799.0,2018
16039.0,16870.0,2018
16039.0,16918.0,2018
16039.0,17337.0,2018
16039.0,17434.0,2018
16039.0,17736.0,2018
16039.0,17930.0,2018
16039.0,17973.0,2018
16039.0,18279.0,2018
16039.0,18538.0,2018
16390.0,16004.0,2018
16390.0,16012.0,2018
16390.0,16390.0,2018
16390.0,16470.0,2018
16390.0,16535.0,2018
16390.0,16594.0,2018
16390.0,16616.0,2018
16390.0,16675.0,2018
16390.0,16756.0,2018
16390.0,16934.0,2018
16390.0,17094.0,2018
16390.0,17116.0,2018
16390.0,17191.0,2018
16390.0,17299.0,2018
16390.0,17698.0,2018
16390.0,17779.0,2018
16390.0,18252.0,2018
16390.0,18350.0,2018
16390.0,18392.0,2018
16390.0,18457.0,2018
16390.0,18570.0,2018
16390.0,18651.0,2018
16390.0,18830.0,2018
16519.0,16047.0,2018
16519.0,16063.0,2018
16519.0,16268.0,2018
16519.0,16314.0,2018
16519.0,16519.0,2018
16519.0,16896.0,2018
16519.0,16993.0,2018
16519.0,17078.0,2018
16519.0,17132.0,2018
16519.0,17493.0,2018
16519.0,17752.0,2018
16519.0,17892.0,2018
16519.0,17914.0,2018
16519.0,18015.0,2018
16519.0,18074.0,2018
16519.0,18317.0,2018
16519.0,18759.0,2018
16519.0,18856.0,2018
17590.0,16020.0,2018
17590.0,16195.0,2018
17590.0,16217.0,2018
17590.0,16225.0,2018
17590.0,16284.0,2018
17590.0,16454.0,2018
17590.0,16730.0,2018
17590.0,16837.0,2018
17590.0,16853.0,2018
17590.0,17019.0,2018
17590.0,17590.0,2018
17590.0,18899.0,2018
17590.0,30031.0,2018
17612.0,16233.0,2018
17612.0,16241.0,2018
17612.0,16276.0,2018
17612.0,16292.0,2018
17612.0,16306.0,2018
17612.0,16330.0,2018
17612.0,16357.0,2018
17612.0,16373.0,2018
17612.0,16411.0,2018
17612.0,16438.0,2018
17612.0,16551.0,2018
17612.0,16691.0,2018
17612.0,16713.0,2018
17612.0,16810.0,2018
17612.0,16977.0,2018
17612.0,17035.0,2018
17612.0,17051.0,2018
17612.0,17230.0,2018
17612.0,17256.0,2018
17612.0,17272.0,2018
17612.0,17310.0,2018
17612.0,17353.0,2018
17612.0,17418.0,2018
17612.0,17531.0,2018
17612.0,17558.0,2018
17612.0,17574.0,2018
17612.0,17612.0,2018
17612.0,17639.0,2018
17612.0,17655.0,2018
17612.0,17795.0,2018
17612.0,17817.0,2018
17612.0,17833.0,2018
17612.0,17957.0,2018
17612.0,18058.0,2018
17612.0,18155.0,2018
17612.0,18198.0,2018
17612.0,18236.0,2018
17612.0,18295.0,2018
17612.0,18333.0,2018
17612.0,18376.0,2018
17612.0,18414.0,2018
17612.0,18430.0,2018
17612.0,18490.0,2018
17612.0,18511.0,2018
17612.0,18554.0,2018
17612.0,18597.0,2018
17612.0,18619.0,2018
17612.0,18635.0,2018
17612.0,18678.0,2018
17612.0,18716.0,2018
17612.0,18775.0,2018
17612.0,18813.0,2018
17612.0,18910.0,2018
17612.0,18953.0,2018
17612.0,18996.0,2018
17876.0,16071.0,2018
17876.0,16098.0,2018
17876.0,16110.0,2018
17876.0,16160.0,2018
17876.0,16179.0,2018
17876.0,16187.0,2018
17876.0,16209.0,2018
17876.0,16578.0,2018
17876.0,16632.0,2018
17876.0,16659.0,2018
17876.0,16772.0,2018
17876.0,16950.0,2018
17876.0,17159.0,2018
17876.0,17175.0,2018
17876.0,17213.0,2018
17876.0,17370.0,2018
17876.0,17396.0,2018
17876.0,17450.0,2018
17876.0,17477.0,2018
17876.0,17515.0,2018
17876.0,17671.0,2018
17876.0,17710.0,2018
17876.0,17850.0,2018
17876.0,17876.0,2018
17876.0,17990.0,2018
17876.0,18031.0,2018
17876.0,18090.0,2018
17876.0,18112.0,2018
17876.0,18139.0,2018
17876.0,18171.0,2018
17876.0,18210.0,2018
17876.0,18473.0,2018
17876.0,18694.0,2018
17876.0,18732.0,2018
17876.0,18791.0,2018
17876.0,18872.0,2018
17876.0,18937.0,2018
17876.0,18970.0,2018
19810.0,19054.0,2018
19810.0,19070.0,2018
19810.0,19127.0,2018
19810.0,19143.0,2018
19810.0,19178.0,2018
19810.0,19216.0,2018
19810.0,19232.0,2018
19810.0,19259.0,2018
19810.0,19275.0,2018
19810.0,19283.0,2018
19810.0,19305.0,2018
19810.0,19321.0,2018
19810.0,19330.0,2018
19810.0,19518.0,2018
19810.0,19623.0,2018
19810.0,19631.0,2018
19810.0,19682.0,2018
19810.0,19763.0,2018
19810.0,19780.0,2018
19810.0,19801.0,2018
19810.0,19810.0,2018
19810.0,19828.0,2018
19810.0,19925.0,2018
19810.0,19941.0,2018
19810.0,20001.0,2018
19810.0,20010.0,2018
19810.0,20036.0,2018
19810.0,20214.0,2018
19810.0,20230.0,2018
19810.0,20257.0,2018
19810.0,20370.0,2018
19810.0,20451.0,2018
19810.0,20532.0,2018
19810.0,20559.0,2018
19810.0,20672.0,2018
19810.0,20850.0,2018
19810.0,20915.0,2018
19810.0,21032.0,2018
19810.0,21075.0,2018
19810.0,21113.0,2018
19810.0,21237.0,2018
19810.0,21296.0,2018
19810.0,21415.0,2018
19810.0,21490.0,2018
19810.0,21512.0,2018
19810.0,21555.0,2018
19810.0,22039.0,2018
19810.0,22098.0,2018
19810.0,22179.0,2018
19810.0,22233.0,2018
19810.0,22411.0,2018
20273.0,19097.0,2018
20273.0,19151.0,2018
20273.0,19160.0,2018
20273.0,19186.0,2018
20273.0,19194.0,2018
20273.0,19208.0,2018
20273.0,19313.0,2018
20273.0,19399.0,2018
20273.0,19550.0,2018
20273.0,19607.0,2018
20273.0,19712.0,2018
20273.0,19739.0,2018
20273.0,20052.0,2018
20273.0,20150.0,2018
20273.0,20176.0,2018
20273.0,20273.0,2018
20273.0,20656.0,2018
20273.0,20974.0,2018
20273.0,21334.0,2018
20273.0,21350.0,2018
20273.0,21377.0,2018
20273.0,22136.0,2018
20273.0,22195.0,2018
20273.0,22217.0,2018
20273.0,22292.0,2018
20516.0,19003.0,2018
20516.0,19020.0,2018
20516.0,19046.0,2018
20516.0,19062.0,2018
20516.0,19089.0,2018
20516.0,19100.0,2018
20516.0,19119.0,2018
20516.0,19291.0,2018
20516.0,19372.0,2018
20516.0,19615.0,2018
20516.0,19658.0,2018
20516.0,19747.0,2018
20516.0,19771.0,2018
20516.0,19933.0,2018
20516.0,19968.0,2018
20516.0,19992.0,2018
20516.0,20290.0,2018
20516.0,20397.0,2018
20516.0,20435.0,2018
20516.0,20478.0,2018
20516.0,20516.0,2018
20516.0,20591.0,2018
20516.0,20737.0,2018
20516.0,20796.0,2018
20516.0,20834.0,2018
20516.0,20877.0,2018
20516.0,20893.0,2018
20516.0,20990.0,2018
20516.0,21253.0,2018
20516.0,21318.0,2018
20516.0,21393.0,2018
20516.0,21598.0,2018
20516.0,21636.0,2018
20516.0,21750.0,2018
20516.0,22012.0,2018
20516.0,22071.0,2018
20958.0,19011.0,2018
20958.0,19224.0,2018
20958.0,19240.0,2018
20958.0,19267.0,2018
20958.0,19348.0,2018
20958.0,19356.0,2018
20958.0,19585.0,2018
20958.0,19704.0,2018
20958.0,19720.0,2018
20958.0,19798.0,2018
20958.0,19950.0,2018
20958.0,20311.0,2018
20958.0,20354.0,2018
20958.0,20613.0,2018
20958.0,20710.0,2018
20958.0,20958.0,2018
20958.0,21130.0,2018
20958.0,21458.0,2018
20958.0,21474.0,2018
20958.0,21814.0,2018
20958.0,21830.0,2018
20958.0,21970.0,2018
20958.0,22055.0,2018
20958.0,22110.0,2018
20958.0,22276.0,2018
20958.0,22314.0,2018
20958.0,22330.0,2018
21172.0,19364.0,2018
21172.0,19445.0,2018
21172.0,19690.0,2018
21172.0,19852.0,2018
21172.0,19909.0,2018
21172.0,19917.0,2018
21172.0,19984.0,2018
21172.0,20095.0,2018
21172.0,20192.0,2018
21172.0,20575.0,2018
21172.0,20753.0,2018
21172.0,20770.0,2018
21172.0,20818.0,2018
21172.0,21091.0,2018
21172.0,21156.0,2018
21172.0,21172.0,2018
21172.0,21539.0,2018
21172.0,21610.0,2018
21172.0,21695.0,2018
21172.0,21776.0,2018
21172.0,21890.0,2018
21172.0,21938.0,2018
21172.0,21954.0,2018
21172.0,21997.0,2018
21172.0,22357.0,2018
21172.0,22438.0,2018
22250.0,19038.0,2018
22250.0,19135.0,2018
22250.0,19380.0,2018
22250.0,19402.0,2018
22250.0,19410.0,2018
22250.0,19429.0,2018
22250.0,19437.0,2018
22250.0,19453.0,2018
22250.0,19461.0,2018
22250.0,19470.0,2018
22250.0,19488.0,2018
22250.0,19496.0,2018
22250.0,19500.0,2018
22250.0,19526.0,2018
22250.0,19534.0,2018
22250.0,19542.0,2018
22250.0,19569.0,2018
22250.0,19577.0,2018
22250.0,19593.0,2018
22250.0,19640.0,2018
22250.0,19666.0,2018
22250.0,19674.0,2018
22250.0,19755.0,2018
22250.0,19836.0,2018
22250.0,19844.0,2018
22250.0,19860.0,2018
22250.0,19879.0,2018
22250.0,19887.0,2018
22250.0,19895.0,2018
22250.0,19976.0,2018
22250.0,20079.0,2018
22250.0,20117.0,2018
22250.0,20133.0,2018
22250.0,20338.0,2018
22250.0,20419.0,2018
22250.0,20494.0,2018
22250.0,20630.0,2018
22250.0,20699.0,2018
22250.0,20931.0,2018
22250.0,21016.0,2018
22250.0,21059.0,2018
22250.0,21199.0,2018
22250.0,21210.0,2018
22250.0,21270.0,2018
22250.0,21431.0,2018
22250.0,21571.0,2018
22250.0,21652.0,2018
22250.0,21679.0,2018
22250.0,21717.0,2018
22250.0,21733.0,2018
22250.0,21792.0,2018
22250.0,21857.0,2018
22250.0,21873.0,2018
22250.0,21911.0,2018
22250.0,22152.0,2018
22250.0,22250.0,2018
22250.0,22373.0,2018
22250.0,22390.0,2018
23230.0,23116.0,2018
23230.0,23230.0,2018
23230.0,23248.0,2018
23230.0,23558.0,2018
23230.0,24317.0,2018
23230.0,24392.0,2018
23230.0,24490.0,2018
23230.0,25151.0,2018
23230.0,25178.0,2018
23230.0,25232.0,2018
23230.0,25810.0,2018
23230.0,25950.0,2018
23230.0,26158.0,2018
23230.0,26190.0,2018
23574.0,23175.0,2018
23574.0,23574.0,2018
23574.0,23957.0,2018
23574.0,24031.0,2018
23574.0,24430.0,2018
23574.0,25275.0,2018
23574.0,25372.0,2018
23574.0,25836.0,2018
23817.0,23051.0,2018
23817.0,23086.0,2018
23817.0,23159.0,2018
23817.0,23221.0,2018
23817.0,23256.0,2018
23817.0,23337.0,2018
23817.0,23370.0,2018
23817.0,23450.0,2018
23817.0,23515.0,2018
23817.0,23612.0,2018
23817.0,23698.0,2018
23817.0,23817.0,2018
23817.0,23892.0,2018
23817.0,23973.0,2018
23817.0,23990.0,2018
23817.0,24155.0,2018
23817.0,24279.0,2018
23817.0,24597.0,2018
23817.0,24678.0,2018
23817.0,24732.0,2018
23817.0,24937.0,2018
23817.0,25038.0,2018
23817.0,25097.0,2018
23817.0,25330.0,2018
23817.0,25399.0,2018
23817.0,25410.0,2018
23817.0,25470.0,2018
23817.0,25496.0,2018
23817.0,25534.0,2018
23817.0,25615.0,2018
23817.0,25658.0,2018
23817.0,25895.0,2018
23817.0,25933.0,2018
23817.0,25992.0,2018
23817.0,26077.0,2018
23817.0,26239.0,2018
24198.0,23094.0,2018
24198.0,23124.0,2018
24198.0,23191.0,2018
24198.0,23418.0,2018
24198.0,23477.0,2018
24198.0,23639.0,2018
24198.0,23655.0,2018
24198.0,23736.0,2018
24198.0,23752.0,2018
24198.0,23930.0,2018
24198.0,24198.0,2018
24198.0,24295.0,2018
24198.0,24333.0,2018
24198.0,24651.0,2018
24198.0,24716.0,2018
24198.0,24759.0,2018
24198.0,25011.0,2018
24198.0,25054.0,2018
24198.0,25291.0,2018
24198.0,25453.0,2018
24198.0,25593.0,2018
24198.0,25631.0,2018
24198.0,26018.0,2018
24236.0,23132.0,2018
24236.0,23710.0,2018
24236.0,23914.0,2018
24236.0,24090.0,2018
24236.0,24236.0,2018
24236.0,24554.0,2018
24236.0,24791.0,2018
24236.0,25755.0,2018
24236.0,25976.0,2018
24236.0,26050.0,2018
24236.0,26255.0,2018
24570.0,24570.0,2018
24970.0,23108.0,2018
24970.0,23213.0,2018
24970.0,23329.0,2018
24970.0,23396.0,2018
24970.0,24058.0,2018
24970.0,24252.0,2018
24970.0,24457.0,2018
24970.0,24970.0,2018
24970.0,25852.0,2018
24970.0,26115.0,2018
24996.0,23060.0,2018
24996.0,23078.0,2018
24996.0,23272.0,2018
24996.0,23280.0,2018
24996.0,23299.0,2018
24996.0,23302.0,2018
24996.0,23833.0,2018
24996.0,24171.0,2018
24996.0,24635.0,2018
24996.0,24830.0,2018
24996.0,24996.0,2018
24996.0,25356.0,2018
24996.0,25577.0,2018
24996.0,25674.0,2018
25216.0,23035.0,2018
25216.0,23140.0,2018
25216.0,23183.0,2018
25216.0,25216.0,2018
25216.0,25518.0,2018
25313.0,23027.0,2018
25313.0,23205.0,2018
25313.0,23434.0,2018
25313.0,23531.0,2018
25313.0,23795.0,2018
25313.0,23876.0,2018
25313.0,24074.0,2018
25313.0,24210.0,2018
25313.0,24350.0,2018
25313.0,24511.0,2018
25313.0,24619.0,2018
25313.0,24694.0,2018
25313.0,24775.0,2018
25313.0,24813.0,2018
25313.0,24872.0,2018
25313.0,24899.0,2018
25313.0,24910.0,2018
25313.0,25119.0,2018
25313.0,25135.0,2018
25313.0,25259.0,2018
25313.0,25313.0,2018
25313.0,25739.0,2018
25313.0,26093.0,2018
25313.0,26271.0,2018
25313.0,26298.0,2018
25313.0,26310.0,2018
25313.0,26336.0,2018
25313.0,30015.0,2018
25437.0,23167.0,2018
25437.0,23310.0,2018
25437.0,23590.0,2018
25437.0,23850.0,2018
25437.0,24856.0,2018
25437.0,24953.0,2018
25437.0,25070.0,2018
25437.0,25437.0,2018
25437.0,25798.0,2018
25437.0,26034.0,2018
25437.0,26212.0,2018
25771.0,23000.0,2018
25771.0,23019.0,2018
25771.0,23043.0,2018
25771.0,23264.0,2018
25771.0,23353.0,2018
25771.0,23493.0,2018
25771.0,23671.0,2018
25771.0,23779.0,2018
25771.0,24015.0,2018
25771.0,24112.0,2018
25771.0,24139.0,2018
25771.0,24376.0,2018
25771.0,24414.0,2018
25771.0,24473.0,2018
25771.0,24538.0,2018
25771.0,25194.0,2018
25771.0,25550.0,2018
25771.0,25690.0,2018
25771.0,25712.0,2018
25771.0,25771.0,2018
25771.0,25879.0,2018
25771.0,25917.0,2018
25771.0,26131.0,2018
25771.0,26174.0,2018
27057.0,27049.0,2018
27057.0,27057.0,2018
27057.0,27138.0,2018
27057.0,27154.0,2018
27057.0,27170.0,2018
27057.0,27235.0,2018
27057.0,27294.0,2018
27057.0,27391.0,2018
27057.0,27510.0,2018
27057.0,27570.0,2018
27057.0,27618.0,2018
27057.0,27731.0,2018
27057.0,27812.0,2018
27057.0,27839.0,2018
27057.0,27871.0,2018
27057.0,28053.0,2018
27057.0,28177.0,2018
27057.0,28258.0,2018
27057.0,28495.0,2018
27057.0,28630.0,2018
27057.0,28754.0,2018
27057.0,28797.0,2018
27057.0,28819.0,2018
27057.0,28835.0,2018
27057.0,28894.0,2018
27855.0,27006.0,2018
27855.0,27030.0,2018
27855.0,27065.0,2018
27855.0,27073.0,2018
27855.0,27090.0,2018
27855.0,27111.0,2018
27855.0,27197.0,2018
27855.0,27278.0,2018
27855.0,27332.0,2018
27855.0,27430.0,2018
27855.0,27456.0,2018
27855.0,27537.0,2018
27855.0,27634.0,2018
27855.0,27715.0,2018
27855.0,27790.0,2018
27855.0,27855.0,2018
27855.0,27898.0,2018
27855.0,27936.0,2018
27855.0,27952.0,2018
27855.0,27979.0,2018
27855.0,28010.0,2018
27855.0,28290.0,2018
27855.0,28312.0,2018
27855.0,28339.0,2018
27855.0,28355.0,2018
27855.0,28371.0,2018
27855.0,28398.0,2018
27855.0,28452.0,2018
27855.0,28479.0,2018
27855.0,28517.0,2018
27855.0,28533.0,2018
27855.0,28550.0,2018
27855.0,28576.0,2018
27855.0,28690.0,2018
27855.0,28711.0,2018
27855.0,28738.0,2018
27855.0,28770.0,2018
27855.0,28932.0,2018
28592.0,27014.0,2018
28592.0,27022.0,2018
28592.0,27316.0,2018
28592.0,27359.0,2018
28592.0,27472.0,2018
28592.0,27499.0,2018
28592.0,27650.0,2018
28592.0,27677.0,2018
28592.0,27910.0,2018
28592.0,27995.0,2018
28592.0,28070.0,2018
28592.0,28134.0,2018
28592.0,28150.0,2018
28592.0,28193.0,2018
28592.0,28215.0,2018
28592.0,28231.0,2018
28592.0,28274.0,2018
28592.0,28410.0,2018
28592.0,28436.0,2018
28592.0,28592.0,2018
28592.0,28673.0,2018
28592.0,28916.0,2018
28851.0,27081.0,2018
28851.0,27219.0,2018
28851.0,27251.0,2018
28851.0,27375.0,2018
28851.0,27413.0,2018
28851.0,27553.0,2018
28851.0,27596.0,2018
28851.0,27693.0,2018
28851.0,27758.0,2018
28851.0,27774.0,2018
28851.0,28037.0,2018
28851.0,28096.0,2018
28851.0,28118.0,2018
28851.0,28614.0,2018
28851.0,28657.0,2018
28851.0,28851.0,2018
28851.0,28878.0,2018
30058.0,30058.0,2018
30058.0,33677.0,2018
30058.0,35351.0,2018
30058.0,35947.0,2018
30058.0,36072.0,2018
30058.0,36277.0,2018
30058.0,36706.0,2018
30058.0,38075.0,2018
30058.0,38555.0,2018
31054.0,31054.0,2018
31054.0,31097.0,2018
31054.0,31119.0,2018
31054.0,31291.0,2018
31054.0,31399.0,2018
31054.0,31470.0,2018
31054.0,31658.0,2018
31054.0,31712.0,2018
31054.0,31798.0,2018
31054.0,31950.0,2018
31054.0,32050.0,2018
31054.0,32174.0,2018
31054.0,32212.0,2018
31054.0,32298.0,2018
31054.0,32310.0,2018
31054.0,32336.0,2018
31054.0,32433.0,2018
31410.0,31070.0,2018
31410.0,31151.0,2018
31410.0,31330.0,2018
31410.0,31410.0,2018
31410.0,31550.0,2018
31410.0,31593.0,2018
31410.0,31631.0,2018
31410.0,32018.0,2018
31410.0,32255.0,2018
31410.0,32492.0,2018
31410.0,32514.0,2018
31577.0,31194.0,2018
31577.0,31232.0,2018
31577.0,31275.0,2018
31577.0,31356.0,2018
31577.0,31372.0,2018
31577.0,31437.0,2018
31577.0,31453.0,2018
31577.0,31577.0,2018
31577.0,31739.0,2018
31577.0,31771.0,2018
31577.0,31810.0,2018
31577.0,31836.0,2018
31577.0,31895.0,2018
31577.0,31917.0,2018
31577.0,31992.0,2018
31577.0,32034.0,2018
31577.0,32077.0,2018
31577.0,32190.0,2018
31577.0,32395.0,2018
31690.0,31690.0,2018
31690.0,32093.0,2018
31690.0,32158.0,2018
31690.0,32239.0,2018
31690.0,32352.0,2018
31690.0,32417.0,2018
31690.0,32476.0,2018
32131.0,31003.0,2018
32131.0,31011.0,2018
32131.0,31038.0,2018
32131.0,31135.0,2018
32131.0,31216.0,2018
32131.0,31259.0,2018
32131.0,31313.0,2018
32131.0,31496.0,2018
32131.0,31518.0,2018
32131.0,31534.0,2018
32131.0,31615.0,2018
32131.0,31674.0,2018
32131.0,31755.0,2018
32131.0,31852.0,2018
32131.0,31879.0,2018
32131.0,31933.0,2018
32131.0,31976.0,2018
32131.0,32115.0,2018
32131.0,32131.0,2018
32131.0,32379.0,2018
32131.0,32450.0,2018
33138.0,33057.0,2018
33138.0,33073.0,2018
33138.0,33138.0,2018
33138.0,33375.0,2018
33138.0,33383.0,2018
33138.0,33430.0,2018
33138.0,34398.0,2018
33138.0,34495.0,2018
33138.0,34576.0,2018
33138.0,34711.0,2018
33138.0,34916.0,2018
33138.0,35092.0,2018
33138.0,35114.0,2018
33138.0,35750.0,2018
33138.0,35912.0,2018
33138.0,36196.0,2018
33138.0,36315.0,2018
33138.0,36595.0,2018
33138.0,37591.0,2018
33138.0,37630.0,2018
33138.0,37672.0,2018
33138.0,37834.0,2018
33138.0,38059.0,2018
33138.0,38318.0,2018
33138.0,38334.0,2018
33138.0,38415.0,2018
33138.0,38890.0,2018
33138.0,38938.0,2018
33138.0,39276.0,2018
33570.0,30953.0,2018
33570.0,33570.0,2018
33570.0,33693.0,2018
33570.0,33731.0,2018
33570.0,33782.0,2018
33570.0,33910.0,2018
33570.0,33952.0,2018
33570.0,34029.0,2018
33570.0,34339.0,2018
33570.0,34363.0,2018
33570.0,34738.0,2018
33570.0,34797.0,2018
33570.0,35017.0,2018
33570.0,35076.0,2018
33570.0,36170.0,2018
33570.0,36293.0,2018
33570.0,36374.0,2018
33570.0,36455.0,2018
33570.0,36951.0,2018
33570.0,37010.0,2018
33570.0,37079.0,2018
33570.0,37303.0,2018
33570.0,37958.0,2018
33570.0,38016.0,2018
33570.0,38032.0,2018
33570.0,38156.0,2018
33570.0,38342.0,2018
33570.0,39195.0,2018
33570.0,39357.0,2018
33570.0,39756.0,2018
33634.0,30007.0,2018
33634.0,30791.0,2018
33634.0,33278.0,2018
33634.0,33499.0,2018
33634.0,33634.0,2018
33634.0,33871.0,2018
33634.0,34479.0,2018
33634.0,34878.0,2018
33634.0,34932.0,2018
33634.0,35211.0,2018
33634.0,35491.0,2018
33634.0,37460.0,2018
33634.0,38253.0,2018
33634.0,38776.0,2018
33634.0,39772.0,2018
33634.0,39993.0,2018
33774.0,30678.0,2018
33774.0,33774.0,2018
33774.0,33812.0,2018
33774.0,33898.0,2018
33774.0,34215.0,2018
33774.0,34614.0,2018
33774.0,34819.0,2018
33774.0,34851.0,2018
33774.0,35149.0,2018
33774.0,35513.0,2018
33774.0,35653.0,2018
33774.0,35696.0,2018
33774.0,35831.0,2018
33774.0,36978.0,2018
33774.0,37338.0,2018
33774.0,37656.0,2018
33774.0,37753.0,2018
33774.0,38296.0,2018
33774.0,38636.0,2018
33774.0,38822.0,2018
33774.0,39047.0,2018
33774.0,39055.0,2018
33774.0,39144.0,2018
33774.0,39179.0,2018
34193.0,30813.0,2018
34193.0,30830.0,2018
34193.0,30910.0,2018
34193.0,30937.0,2018
34193.0,33260.0,2018
34193.0,33359.0,2018
34193.0,34010.0,2018
34193.0,34096.0,2018
34193.0,34193.0,2018
34193.0,34355.0,2018
34193.0,36412.0,2018
34193.0,36510.0,2018
34193.0,36552.0,2018
34193.0,37036.0,2018
34193.0,37257.0,2018
34193.0,37290.0,2018
34193.0,37311.0,2018
34193.0,37567.0,2018
34193.0,37680.0,2018
34193.0,37931.0,2018
34193.0,38067.0,2018
34193.0,38172.0,2018
34193.0,38237.0,2018
34193.0,38610.0,2018
34193.0,38806.0,2018
34193.0,38865.0,2018
34193.0,38954.0,2018
34193.0,39012.0,2018
34193.0,39110.0,2018
34193.0,39489.0,2018
34193.0,39594.0,2018
34193.0,39616.0,2018
34193.0,39799.0,2018
34193.0,39845.0,2018
34193.0,39950.0,2018
34193.0,39977.0,2018
35157.0,30775.0,2018
35157.0,33219.0,2018
35157.0,33294.0,2018
35157.0,33332.0,2018
35157.0,33413.0,2018
35157.0,33510.0,2018
35157.0,33715.0,2018
35157.0,33960.0,2018
35157.0,34274.0,2018
35157.0,34452.0,2018
35157.0,34630.0,2018
35157.0,34657.0,2018
35157.0,34673.0,2018
35157.0,34690.0,2018
35157.0,34770.0,2018
35157.0,35050.0,2018
35157.0,35157.0,2018
35157.0,35319.0,2018
35157.0,35670.0,2018
35157.0,35777.0,2018
35157.0,35815.0,2018
35157.0,35955.0,2018
35157.0,36382.0,2018
35157.0,36838.0,2018
35157.0,36935.0,2018
35157.0,37133.0,2018
35157.0,37435.0,2018
35157.0,37974.0,2018
35157.0,38270.0,2018
35157.0,38458.0,2018
35157.0,38512.0,2018
35157.0,38679.0,2018
35157.0,38695.0,2018
35157.0,38750.0,2018
35157.0,38792.0,2018
35157.0,38857.0,2018
35157.0,38911.0,2018
35157.0,39071.0,2018
35157.0,39098.0,2018
35157.0,39217.0,2018
35157.0,39250.0,2018
35157.0,39292.0,2018
35157.0,39330.0,2018
35157.0,39624.0,2018
35157.0,39810.0,2018
35157.0,39837.0,2018
35157.0,39853.0,2018
35335.0,30660.0,2018
35335.0,33014.0,2018
35335.0,33090.0,2018
35335.0,33839.0,2018
35335.0,33995.0,2018
35335.0,34037.0,2018
35335.0,34312.0,2018
35335.0,34410.0,2018
35335.0,34509.0,2018
35335.0,35335.0,2018
35335.0,35394.0,2018
35335.0,35610.0,2018
35335.0,36498.0,2018
35335.0,36730.0,2018
35335.0,36765.0,2018
35335.0,36897.0,2018
35335.0,36919.0,2018
35335.0,37052.0,2018
35335.0,37222.0,2018
35335.0,37370.0,2018
35335.0,37699.0,2018
35335.0,37737.0,2018
35335.0,37915.0,2018
35335.0,38350.0,2018
35335.0,38377.0,2018
35335.0,38393.0,2018
35335.0,38652.0,2018
35335.0,38997.0,2018
35335.0,39519.0,2018
35335.0,39918.0,2018
35335.0,39942.0,2018
35734.0,33472.0,2018
35734.0,34070.0,2018
35734.0,34150.0,2018
35734.0,34258.0,2018
35734.0,35238.0,2018
35734.0,35556.0,2018
35734.0,35700.0,2018
35734.0,35734.0,2018
35734.0,35998.0,2018
35734.0,36471.0,2018
35734.0,37150.0,2018
35734.0,37532.0,2018
35734.0,37940.0,2018
35734.0,38164.0,2018
35734.0,39233.0,2018
35734.0,39314.0,2018
35734.0,39438.0,2018
35734.0,39497.0,2018
35734.0,39535.0,2018
35734.0,39691.0,2018
35939.0,30716.0,2018
35939.0,30759.0,2018
35939.0,30996.0,2018
35939.0,33251.0,2018
35939.0,33537.0,2018
35939.0,33596.0,2018
35939.0,33790.0,2018
35939.0,33804.0,2018
35939.0,34053.0,2018
35939.0,34231.0,2018
35939.0,34517.0,2018
35939.0,35254.0,2018
35939.0,35475.0,2018
35939.0,35637.0,2018
35939.0,35890.0,2018
35939.0,35939.0,2018
35939.0,36080.0,2018
35939.0,36714.0,2018
35939.0,36870.0,2018
35939.0,37354.0,2018
35939.0,37397.0,2018
35939.0,37427.0,2018
35939.0,37583.0,2018
35939.0,37710.0,2018
35939.0,38130.0,2018
35939.0,38970.0,2018
35939.0,39152.0,2018
35939.0,39470.0,2018
35939.0,39551.0,2018
35939.0,39675.0,2018
35939.0,39713.0,2018
35939.0,39730.0,2018
35939.0,39896.0,2018
35971.0,30694.0,2018
35971.0,30732.0,2018
35971.0,33170.0,2018
35971.0,33650.0,2018
35971.0,33936.0,2018
35971.0,34118.0,2018
35971.0,34592.0,2018
35971.0,35173.0,2018
35971.0,35190.0,2018
35971.0,35416.0,2018
35971.0,35459.0,2018
35971.0,35718.0,2018
35971.0,35971.0,2018
35971.0,36099.0,2018
35971.0,36110.0,2018
35971.0,36250.0,2018
35971.0,36331.0,2018
35971.0,36439.0,2018
35971.0,37192.0,2018
35971.0,37559.0,2018
35971.0,37796.0,2018
35971.0,38091.0,2018
35971.0,38571.0,2018
35971.0,39870.0,2018
35971.0,39926.0,2018
36617.0,33111.0,2018
36617.0,33197.0,2018
36617.0,33405.0,2018
36617.0,33618.0,2018
36617.0,33758.0,2018
36617.0,33855.0,2018
36617.0,34754.0,2018
36617.0,34894.0,2018
36617.0,34991.0,2018
36617.0,35297.0,2018
36617.0,35378.0,2018
36617.0,35432.0,2018
36617.0,35530.0,2018
36617.0,35599.0,2018
36617.0,35793.0,2018
36617.0,35858.0,2018
36617.0,35874.0,2018
36617.0,36013.0,2018
36617.0,36030.0,2018
36617.0,36056.0,2018
36617.0,36153.0,2018
36617.0,36358.0,2018
36617.0,36390.0,2018
36617.0,36536.0,2018
36617.0,36617.0,2018
36617.0,36650.0,2018
36617.0,36676.0,2018
36617.0,36757.0,2018
36617.0,36773.0,2018
36617.0,36811.0,2018
36617.0,36820.0,2018
36617.0,37095.0,2018
36617.0,37117.0,2018
36617.0,37176.0,2018
36617.0,37273.0,2018
36617.0,37494.0,2018
36617.0,37575.0,2018
36617.0,37877.0,2018
36617.0,37990.0,2018
36617.0,38598.0,2018
36617.0,38873.0,2018
36617.0,39411.0,2018
36617.0,39454.0,2018
36617.0,39969.0,2018
36692.0,34177.0,2018
36692.0,34436.0,2018
36692.0,34975.0,2018
36692.0,36692.0,2018
36692.0,37893.0,2018
36692.0,38210.0,2018
36692.0,39039.0,2018
36692.0,39390.0,2018
36692.0,39985.0,2018
37818.0,30856.0,2018
37818.0,30899.0,2018
37818.0,30970.0,2018
37818.0,33030.0,2018
37818.0,33065.0,2018
37818.0,33316.0,2018
37818.0,33529.0,2018
37818.0,34533.0,2018
37818.0,34550.0,2018
37818.0,34835.0,2018
37818.0,35130.0,2018
37818.0,35270.0,2018
37818.0,36633.0,2018
37818.0,36994.0,2018
37818.0,37621.0,2018
37818.0,37770.0,2018
37818.0,37818.0,2018
37818.0,37850.0,2018
37818.0,38199.0,2018
37818.0,38431.0,2018
37818.0,38539.0,2018
37818.0,39373.0,2018
37818.0,39900.0,2018
38490.0,30872.0,2018
38490.0,33456.0,2018
38490.0,33979.0,2018
38490.0,34134.0,2018
38490.0,34290.0,2018
38490.0,34959.0,2018
38490.0,35033.0,2018
38490.0,36234.0,2018
38490.0,36579.0,2018
38490.0,36854.0,2018
38490.0,37214.0,2018
38490.0,37451.0,2018
38490.0,37478.0,2018
38490.0,37516.0,2018
38490.0,38474.0,2018
38490.0,38490.0,2018
38490.0,38717.0,2018
38490.0,38733.0,2018
38490.0,38814.0,2018
38490.0,38830.0,2018
38490.0,38946.0,2018
38490.0,39136.0,2018
38490.0,39578.0,2018
38490.0,39632.0,2018
38490.0,39748.0,2018
39934.0,33154.0,2018
39934.0,33235.0,2018
39934.0,33391.0,2018
39934.0,33553.0,2018
39934.0,34371.0,2018
39934.0,35572.0,2018
39934.0,36137.0,2018
39934.0,36218.0,2018
39934.0,36790.0,2018
39934.0,37230.0,2018
39934.0,37419.0,2018
39934.0,37613.0,2018
39934.0,38113.0,2018
39934.0,39640.0,2018
39934.0,39659.0,2018
39934.0,39934.0,2018
41238.0,40037.0,2018
41238.0,40410.0,2018
41238.0,40479.0,2018
41238.0,40789.0,2018
41238.0,40800.0,2018
41238.0,40991.0,2018
41238.0,41025.0,2018
41238.0,41076.0,2018
41238.0,41238.0,2018
41238.0,41270.0,2018
41238.0,41530.0,2018
41238.0,41610.0,2018
41238.0,41793.0,2018
41238.0,41840.0,2018
41238.0,41912.0,2018
41238.0,41920.0,2018
41238.0,41998.0,2018
41238.0,42439.0,2018
41238.0,42498.0,2018
41238.0,42617.0,2018
41238.0,42633.0,2018
41238.0,42978.0,2018
41238.0,43079.0,2018
41238.0,43117.0,2018
41238.0,43257.0,2018
41238.0,43494.0,2018
41238.0,43591.0,2018
41238.0,43613.0,2018
41238.0,43656.0,2018
41238.0,44016.0,2018
41238.0,44075.0,2018
41238.0,44113.0,2018
41238.0,44199.0,2018
41238.0,44318.0,2018
41238.0,44512.0,2018
41238.0,44814.0,2018
41238.0,45071.0,2018
41238.0,45098.0,2018
41238.0,45276.0,2018
41238.0,45519.0,2018
41238.0,45950.0,2018
41238.0,46191.0,2018
41238.0,46337.0,2018
41238.0,46370.0,2018
41238.0,46558.0,2018
41238.0,46779.0,2018
41238.0,46914.0,2018
41238.0,47317.0,2018
41238.0,47511.0,2018
41238.0,47570.0,2018
41238.0,47937.0,2018
41238.0,48097.0,2018
41238.0,48216.0,2018
41238.0,48453.0,2018
41238.0,48739.0,2018
41238.0,48950.0,2018
41238.0,49174.0,2018
41238.0,49271.0,2018
41238.0,49379.0,2018
41238.0,49492.0,2018
41238.0,49859.0,2018
41238.0,49913.0,2018
41238.0,50075.0,2018
41238.0,50113.0,2018
41238.0,50393.0,2018
41238.0,50652.0,2018
41238.0,50717.0,2018
41238.0,50750.0,2018
41238.0,50776.0,2018
41238.0,50911.0,2018
41238.0,50954.0,2018
41238.0,51039.0,2018
41238.0,51055.0,2018
41238.0,51330.0,2018
41238.0,51438.0,2018
41238.0,51551.0,2018
41238.0,51594.0,2018
41238.0,51691.0,2018
41238.0,51799.0,2018
41238.0,51810.0,2018
41238.0,52035.0,2018
41238.0,52094.0,2018
41238.0,52370.0,2018
41238.0,52612.0,2018
41238.0,52957.0,2018
41238.0,53171.0,2018
41238.0,53295.0,2018
41238.0,53414.0,2018
41238.0,53651.0,2018
41238.0,54259.0,2018
43710.0,40320.0,2018
43710.0,41335.0,2018
43710.0,41629.0,2018
43710.0,43710.0,2018
43710.0,46019.0,2018
43710.0,48135.0,2018
44458.0,40770.0,2018
44458.0,40835.0,2018
44458.0,41017.0,2018
44458.0,41475.0,2018
44458.0,41947.0,2018
44458.0,42072.0,2018
44458.0,42790.0,2018
44458.0,42838.0,2018
44458.0,42897.0,2018
44458.0,43311.0,2018
44458.0,43516.0,2018
44458.0,43958.0,2018
44458.0,44458.0,2018
44458.0,44636.0,2018
44458.0,44938.0,2018
44458.0,45195.0,2018
44458.0,45217.0,2018
44458.0,46035.0,2018
44458.0,46051.0,2018
44458.0,46434.0,2018
44458.0,46698.0,2018
44458.0,46736.0,2018
44458.0,46752.0,2018
44458.0,47058.0,2018
44458.0,47430.0,2018
44458.0,47651.0,2018
44458.0,47759.0,2018
44458.0,48259.0,2018
44458.0,48470.0,2018
44458.0,49034.0,2018
44458.0,49115.0,2018
44458.0,49158.0,2018
44458.0,49298.0,2018
44458.0,49417.0,2018
44458.0,49530.0,2018
44458.0,49778.0,2018
44458.0,49930.0,2018
44458.0,50091.0,2018
44458.0,50270.0,2018
44458.0,50733.0,2018
44458.0,52078.0,2018
44458.0,52230.0,2018
44458.0,52353.0,2018
44458.0,52914.0,2018
44458.0,53317.0,2018
44458.0,53635.0,2018
45535.0,40061.0,2018
45535.0,40215.0,2018
45535.0,40304.0,2018
45535.0,40355.0,2018
45535.0,40436.0,2018
45535.0,40746.0,2018
45535.0,41149.0,2018
45535.0,41564.0,2018
45535.0,41580.0,2018
45535.0,41823.0,2018
45535.0,41980.0,2018
45535.0,42064.0,2018
45535.0,42145.0,2018
45535.0,42323.0,2018
45535.0,43133.0,2018
45535.0,43354.0,2018
45535.0,43672.0,2018
45535.0,43834.0,2018
45535.0,44415.0,2018
45535.0,44431.0,2018
45535.0,44733.0,2018
45535.0,45152.0,2018
45535.0,45373.0,2018
45535.0,45454.0,2018
45535.0,45497.0,2018
45535.0,45535.0,2018
45535.0,46353.0,2018
45535.0,46639.0,2018
45535.0,46817.0,2018
45535.0,47910.0,2018
45535.0,48011.0,2018
45535.0,48119.0,2018
45535.0,48291.0,2018
45535.0,48836.0,2018
45535.0,49670.0,2018
45535.0,49719.0,2018
45535.0,50857.0,2018
45535.0,51195.0,2018
45535.0,51357.0,2018
45535.0,51497.0,2018
45535.0,51632.0,2018
45535.0,51896.0,2018
45535.0,52310.0,2018
45535.0,52558.0,2018
45535.0,52590.0,2018
45535.0,52655.0,2018
45535.0,52698.0,2018
45535.0,52817.0,2018
45535.0,52892.0,2018
45535.0,53090.0,2018
45535.0,53538.0,2018
45535.0,53678.0,2018
45535.0,53899.0,2018
45535.0,54313.0,2018
45535.0,54372.0,2018
45535.0,54399.0,2018
46256.0,40096.0,2018
46256.0,40185.0,2018
46256.0,40266.0,2018
46256.0,40592.0,2018
46256.0,41190.0,2018
46256.0,41254.0,2018
46256.0,41556.0,2018
46256.0,41750.0,2018
46256.0,41769.0,2018
46256.0,42226.0,2018
46256.0,42757.0,2018
46256.0,43877.0,2018
46256.0,43990.0,2018
46256.0,44350.0,2018
46256.0,44490.0,2018
46256.0,44610.0,2018
46256.0,45179.0,2018
46256.0,45594.0,2018
46256.0,45853.0,2018
46256.0,46175.0,2018
46256.0,46256.0,2018
46256.0,46990.0,2018
46833.0,40088.0,2018
46833.0,40363.0,2018
46833.0,41955.0,2018
46833.0,42218.0,2018
46833.0,42358.0,2018
46833.0,42447.0,2018
46833.0,42510.0,2018
46833.0,43150.0,2018
46833.0,45810.0,2018
46833.0,46272.0,2018
46833.0,46833.0,2018
46833.0,46876.0,2018
46833.0,50555.0,2018
46833.0,51950.0,2018
47015.0,40282.0,2018
47015.0,40401.0,2018
47015.0,40444.0,2018
47015.0,40460.0,2018
47015.0,40940.0,2018
47015.0,41068.0,2018
47015.0,41122.0,2018
47015.0,41165.0,2018
47015.0,41289.0,2018
47015.0,41521.0,2018
47015.0,41602.0,2018
47015.0,41726.0,2018
47015.0,41866.0,2018
47015.0,42102.0,2018
47015.0,42242.0,2018
47015.0,42382.0,2018
47015.0,42480.0,2018
47015.0,42528.0,2018
47015.0,44857.0,2018
47015.0,46418.0,2018
47015.0,47015.0,2018
47015.0,47856.0,2018
47015.0,48194.0,2018
47015.0,48534.0,2018
47015.0,48577.0,2018
47015.0,50431.0,2018
47015.0,50890.0,2018
47015.0,51110.0,2018
47015.0,52531.0,2018
47015.0,53597.0,2018
47210.0,40487.0,2018
47210.0,40568.0,2018
47210.0,40681.0,2018
47210.0,40860.0,2018
47210.0,40908.0,2018
47210.0,41360.0,2018
47210.0,41548.0,2018
47210.0,42366.0,2018
47210.0,47210.0,2018
47210.0,47236.0,2018
47210.0,48054.0,2018
47210.0,48330.0,2018
47210.0,48933.0,2018
47210.0,51136.0,2018
47210.0,52191.0,2018
47210.0,52515.0,2018
47210.0,52671.0,2018
47210.0,53210.0,2018
47210.0,53732.0,2018
47333.0,40290.0,2018
47333.0,40657.0,2018
47333.0,40878.0,2018
47333.0,41211.0,2018
47333.0,41378.0,2018
47333.0,41440.0,2018
47333.0,42161.0,2018
47333.0,43176.0,2018
47333.0,43230.0,2018
47333.0,43915.0,2018
47333.0,44253.0,2018
47333.0,44997.0,2018
47333.0,45675.0,2018
47333.0,45691.0,2018
47333.0,47333.0,2018
47333.0,47716.0,2018
47333.0,47953.0,2018
47333.0,48038.0,2018
47333.0,48151.0,2018
47333.0,48313.0,2018
47333.0,49077.0,2018
47333.0,49131.0,2018
47333.0,49310.0,2018
47333.0,49875.0,2018
47333.0,49891.0,2018
47333.0,50016.0,2018
47333.0,50253.0,2018
47333.0,51071.0,2018
47333.0,51152.0,2018
47333.0,51179.0,2018
47333.0,51233.0,2018
47333.0,51713.0,2018
47333.0,51853.0,2018
47333.0,51993.0,2018
47333.0,52132.0,2018
47333.0,52574.0,2018
47333.0,53112.0,2018
47333.0,53457.0,2018
47333.0,53490.0,2018
47333.0,53570.0,2018
47333.0,54437.0,2018
47635.0,40150.0,2018
47635.0,40550.0,2018
47635.0,40711.0,2018
47635.0,41416.0,2018
47635.0,41491.0,2018
47635.0,41599.0,2018
47635.0,42234.0,2018
47635.0,42374.0,2018
47635.0,42390.0,2018
47635.0,42919.0,2018
47635.0,43737.0,2018
47635.0,44032.0,2018
47635.0,45993.0,2018
47635.0,46078.0,2018
47635.0,46159.0,2018
47635.0,46850.0,2018
47635.0,46892.0,2018
47635.0,47635.0,2018
47635.0,47732.0,2018
47635.0,47813.0,2018
47635.0,48372.0,2018
47635.0,48917.0,2018
47635.0,49972.0,2018
47635.0,50938.0,2018
47635.0,51756.0,2018
47635.0,51977.0,2018
47635.0,53058.0,2018
47872.0,40053.0,2018
47872.0,40169.0,2018
47872.0,40649.0,2018
47872.0,40665.0,2018
47872.0,40720.0,2018
47872.0,40983.0,2018
47872.0,41041.0,2018
47872.0,41246.0,2018
47872.0,41327.0,2018
47872.0,41343.0,2018
47872.0,41424.0,2018
47872.0,41661.0,2018
47872.0,42013.0,2018
47872.0,42412.0,2018
47872.0,42420.0,2018
47872.0,42560.0,2018
47872.0,42579.0,2018
47872.0,42650.0,2018
47872.0,42676.0,2018
47872.0,43192.0,2018
47872.0,43478.0,2018
47872.0,44393.0,2018
47872.0,44830.0,2018
47872.0,46230.0,2018
47872.0,47538.0,2018
47872.0,47872.0,2018
47872.0,47899.0,2018
47872.0,48178.0,2018
47872.0,48798.0,2018
47872.0,50377.0,2018
47872.0,50695.0,2018
47872.0,51578.0,2018
47872.0,51772.0,2018
47872.0,52710.0,2018
47872.0,53252.0,2018
47872.0,53511.0,2018
48658.0,40240.0,2018
48658.0,40380.0,2018
48658.0,40541.0,2018
48658.0,40703.0,2018
48658.0,40762.0,2018
48658.0,40924.0,2018
48658.0,40959.0,2018
48658.0,40967.0,2018
48658.0,41009.0,2018
48658.0,41181.0,2018
48658.0,41203.0,2018
48658.0,41262.0,2018
48658.0,41297.0,2018
48658.0,41300.0,2018
48658.0,41386.0,2018
48658.0,41408.0,2018
48658.0,41459.0,2018
48658.0,41483.0,2018
48658.0,41696.0,2018
48658.0,41700.0,2018
48658.0,41718.0,2018
48658.0,41742.0,2018
48658.0,41807.0,2018
48658.0,41831.0,2018
48658.0,41874.0,2018
48658.0,41904.0,2018
48658.0,42080.0,2018
48658.0,42129.0,2018
48658.0,42188.0,2018
48658.0,42200.0,2018
48658.0,42269.0,2018
48658.0,42285.0,2018
48658.0,42536.0,2018
48658.0,42544.0,2018
48658.0,42692.0,2018
48658.0,43214.0,2018
48658.0,43290.0,2018
48658.0,43753.0,2018
48658.0,44059.0,2018
48658.0,44750.0,2018
48658.0,45292.0,2018
48658.0,45314.0,2018
48658.0,45330.0,2018
48658.0,45551.0,2018
48658.0,45918.0,2018
48658.0,46396.0,2018
48658.0,46493.0,2018
48658.0,47031.0,2018
48658.0,47112.0,2018
48658.0,47279.0,2018
48658.0,47350.0,2018
48658.0,47457.0,2018
48658.0,47619.0,2018
48658.0,48356.0,2018
48658.0,48399.0,2018
48658.0,48658.0,2018
48658.0,50237.0,2018
48658.0,51292.0,2018
48658.0,51390.0,2018
48658.0,51519.0,2018
48658.0,52213.0,2018
48658.0,52477.0,2018
48658.0,52833.0,2018
48658.0,53937.0,2018
48658.0,53996.0,2018
48658.0,54151.0,2018
48658.0,54178.0,2018
48771.0,40207.0,2018
48771.0,40614.0,2018
48771.0,40622.0,2018
48771.0,40916.0,2018
48771.0,41092.0,2018
48771.0,42340.0,2018
48771.0,43052.0,2018
48771.0,44571.0,2018
48771.0,44911.0,2018
48771.0,44970.0,2018
48771.0,45055.0,2018
48771.0,46515.0,2018
48771.0,47597.0,2018
48771.0,47678.0,2018
48771.0,48410.0,2018
48771.0,48437.0,2018
48771.0,48771.0,2018
48771.0,49336.0,2018
48771.0,49638.0,2018
48771.0,49794.0,2018
48771.0,50210.0,2018
48771.0,50814.0,2018
48771.0,51675.0,2018
48771.0,52272.0,2018
48771.0,53830.0,2018
48771.0,54291.0,2018
49395.0,40347.0,2018
49395.0,42501.0,2018
49395.0,45713.0,2018
49395.0,47252.0,2018
49395.0,49395.0,2018
49395.0,52337.0,2018
49395.0,54194.0,2018
49573.0,40371.0,2018
49573.0,41513.0,2018
49573.0,41645.0,2018
49573.0,42552.0,2018
49573.0,42870.0,2018
49573.0,43010.0,2018
49573.0,43419.0,2018
49573.0,44237.0,2018
49573.0,44679.0,2018
49573.0,45250.0,2018
49573.0,45616.0,2018
49573.0,46094.0,2018
49573.0,49018.0,2018
49573.0,49573.0,2018
49573.0,50296.0,2018
49573.0,50571.0,2018
49573.0,52434.0,2018
49573.0,52779.0,2018
49573.0,52850.0,2018
49573.0,54119.0,2018
49573.0,54453.0,2018
49590.0,40010.0,2018
49590.0,40754.0,2018
49590.0,42854.0,2018
49590.0,43850.0,2018
49590.0,44130.0,2018
49590.0,45772.0,2018
49590.0,47414.0,2018
49590.0,47490.0,2018
49590.0,48232.0,2018
49590.0,49590.0,2018
49590.0,49611.0,2018
49590.0,50679.0,2018
49590.0,51098.0,2018
49590.0,51934.0,2018
49590.0,52418.0,2018
49590.0,53350.0,2018
49590.0,53775.0,2018
50350.0,40517.0,2018
50350.0,41050.0,2018
50350.0,41670.0,2018
50350.0,41890.0,2018
50350.0,42056.0,2018
50350.0,42196.0,2018
50350.0,42935.0,2018
50350.0,44474.0,2018
50350.0,45977.0,2018
50350.0,46299.0,2018
50350.0,47791.0,2018
50350.0,50350.0,2018
50350.0,51837.0,2018
50415.0,40070.0,2018
50415.0,40452.0,2018
50415.0,40495.0,2018
50415.0,40827.0,2018
50415.0,41130.0,2018
50415.0,41220.0,2018
50415.0,44334.0,2018
50415.0,44539.0,2018
50415.0,45632.0,2018
50415.0,47090.0,2018
50415.0,47996.0,2018
50415.0,49212.0,2018
50415.0,50032.0,2018
50415.0,50415.0,2018
50415.0,50792.0,2018
50415.0,50970.0,2018
50415.0,50997.0,2018
50415.0,51470.0,2018
50415.0,52019.0,2018
50415.0,52795.0,2018
50415.0,54097.0,2018
50490.0,40258.0,2018
50490.0,40274.0,2018
50490.0,40843.0,2018
50490.0,41572.0,2018
50490.0,41653.0,2018
50490.0,41777.0,2018
50490.0,41815.0,2018
50490.0,41939.0,2018
50490.0,42099.0,2018
50490.0,42110.0,2018
50490.0,42587.0,2018
50490.0,42714.0,2018
50490.0,42811.0,2018
50490.0,43435.0,2018
50490.0,43559.0,2018
50490.0,43575.0,2018
50490.0,43699.0,2018
50490.0,43974.0,2018
50490.0,44091.0,2018
50490.0,44210.0,2018
50490.0,44555.0,2018
50490.0,44873.0,2018
50490.0,44890.0,2018
50490.0,45012.0,2018
50490.0,45470.0,2018
50490.0,45837.0,2018
50490.0,46116.0,2018
50490.0,46477.0,2018
50490.0,46590.0,2018
50490.0,46612.0,2018
50490.0,46710.0,2018
50490.0,46973.0,2018
50490.0,47171.0,2018
50490.0,47554.0,2018
50490.0,47970.0,2018
50490.0,48070.0,2018
50490.0,48674.0,2018
50490.0,48755.0,2018
50490.0,48879.0,2018
50490.0,49093.0,2018
50490.0,49190.0,2018
50490.0,49450.0,2018
50490.0,49514.0,2018
50490.0,49816.0,2018
50490.0,50172.0,2018
50490.0,50199.0,2018
50490.0,50334.0,2018
50490.0,50490.0,2018
50490.0,50512.0,2018
50490.0,51918.0,2018
50490.0,52396.0,2018
50490.0,52450.0,2018
50490.0,52639.0,2018
50490.0,52736.0,2018
50490.0,52876.0,2018
50490.0,52973.0,2018
50490.0,53074.0,2018
50490.0,53155.0,2018
50490.0,53473.0,2018
50490.0,53554.0,2018
50490.0,53813.0,2018
50490.0,53953.0,2018
50490.0,54216.0,2018
50490.0,54356.0,2018
52493.0,40002.0,2018
52493.0,40576.0,2018
52493.0,41114.0,2018
52493.0,41173.0,2018
52493.0,41351.0,2018
52493.0,41467.0,2018
52493.0,43036.0,2018
52493.0,43931.0,2018
52493.0,44270.0,2018
52493.0,44296.0,2018
52493.0,44598.0,2018
52493.0,44776.0,2018
52493.0,45870.0,2018
52493.0,47074.0,2018
52493.0,47473.0,2018
52493.0,48895.0,2018
52493.0,50059.0,2018
52493.0,50539.0,2018
52493.0,50830.0,2018
52493.0,50873.0,2018
52493.0,51217.0,2018
52493.0,51454.0,2018
52493.0,51730.0,2018
52493.0,51870.0,2018
52493.0,52175.0,2018
52493.0,52493.0,2018
52493.0,52990.0,2018
52493.0,53236.0,2018
52493.0,53759.0,2018
52930.0,40819.0,2018
52930.0,42471.0,2018
52930.0,43273.0,2018
52930.0,45659.0,2018
52930.0,45730.0,2018
52930.0,45934.0,2018
52930.0,46574.0,2018
52930.0,46957.0,2018
52930.0,47376.0,2018
52930.0,48593.0,2018
52930.0,48631.0,2018
52930.0,48810.0,2018
52930.0,52930.0,2018
52930.0,53015.0,2018
53430.0,40630.0,2018
53430.0,41157.0,2018
53430.0,41394.0,2018
53430.0,41971.0,2018
53430.0,43770.0,2018
53430.0,43818.0,2018
53430.0,44172.0,2018
53430.0,45136.0,2018
53430.0,45438.0,2018
53430.0,46213.0,2018
53430.0,47139.0,2018
53430.0,48496.0,2018
53430.0,48690.0,2018
53430.0,48712.0,2018
53430.0,49476.0,2018
53430.0,50636.0,2018
53430.0,52116.0,2018
53430.0,53430.0,2018
53716.0,40100.0,2018
53716.0,40118.0,2018
53716.0,40126.0,2018
53716.0,40142.0,2018
53716.0,40177.0,2018
53716.0,40193.0,2018
53716.0,40223.0,2018
53716.0,40339.0,2018
53716.0,40428.0,2018
53716.0,40509.0,2018
53716.0,40525.0,2018
53716.0,40533.0,2018
53716.0,40584.0,2018
53716.0,40673.0,2018
53716.0,40932.0,2018
53716.0,41033.0,2018
53716.0,41084.0,2018
53716.0,41319.0,2018
53716.0,41505.0,2018
53716.0,41688.0,2018
53716.0,41963.0,2018
53716.0,42005.0,2018
53716.0,42153.0,2018
53716.0,42307.0,2018
53716.0,42404.0,2018
53716.0,42455.0,2018
53716.0,42595.0,2018
53716.0,42730.0,2018
53716.0,43397.0,2018
53716.0,43893.0,2018
53716.0,45110.0,2018
53716.0,45357.0,2018
53716.0,46450.0,2018
53716.0,46531.0,2018
53716.0,46655.0,2018
53716.0,46795.0,2018
53716.0,46930.0,2018
53716.0,47155.0,2018
53716.0,47198.0,2018
53716.0,47295.0,2018
53716.0,47392.0,2018
53716.0,47775.0,2018
53716.0,47830.0,2018
53716.0,48275.0,2018
53716.0,48852.0,2018
53716.0,48976.0,2018
53716.0,49050.0,2018
53716.0,49239.0,2018
53716.0,49255.0,2018
53716.0,49352.0,2018
53716.0,49697.0,2018
53716.0,49735.0,2018
53716.0,49999.0,2018
53716.0,50474.0,2018
53716.0,51012.0,2018
53716.0,51314.0,2018
53716.0,51411.0,2018
53716.0,51616.0,2018
53716.0,52051.0,2018
53716.0,53333.0,2018
53716.0,53716.0,2018
53716.0,54054.0,2018
53716.0,54330.0,2018
54011.0,40134.0,2018
54011.0,40797.0,2018
54011.0,42021.0,2018
54011.0,42277.0,2018
54011.0,42293.0,2018
54011.0,43370.0,2018
54011.0,43451.0,2018
54011.0,43630.0,2018
54011.0,45390.0,2018
54011.0,45411.0,2018
54011.0,45896.0,2018
54011.0,46671.0,2018
54011.0,49832.0,2018
54011.0,49956.0,2018
54011.0,50130.0,2018
54011.0,50318.0,2018
54011.0,50598.0,2018
54011.0,51373.0,2018
54011.0,51535.0,2018
54011.0,52256.0,2018
54011.0,53619.0,2018
54011.0,54011.0,2018
54011.0,54232.0,2018
54038.0,40029.0,2018
54038.0,40690.0,2018
54038.0,42994.0,2018
54038.0,44695.0,2018
54038.0,44954.0,2018
54038.0,45578.0,2018
54038.0,46132.0,2018
54038.0,46310.0,2018
54038.0,48550.0,2018
54038.0,48615.0,2018
54038.0,48992.0,2018
54038.0,51276.0,2018
54038.0,53910.0,2018
54038.0,54038.0,2018
54070.0,40045.0,2018
54070.0,40606.0,2018
54070.0,40886.0,2018
54070.0,40894.0,2018
54070.0,41106.0,2018
54070.0,41637.0,2018
54070.0,41785.0,2018
54070.0,41858.0,2018
54070.0,41882.0,2018
54070.0,42048.0,2018
54070.0,42463.0,2018
54070.0,45233.0,2018
54070.0,54070.0,2018
54135.0,40231.0,2018
54135.0,40312.0,2018
54135.0,40398.0,2018
54135.0,40851.0,2018
54135.0,40975.0,2018
54135.0,41432.0,2018
54135.0,42137.0,2018
54135.0,42170.0,2018
54135.0,42250.0,2018
54135.0,42315.0,2018
54135.0,42773.0,2018
54135.0,42951.0,2018
54135.0,43095.0,2018
54135.0,43532.0,2018
54135.0,43796.0,2018
54135.0,44156.0,2018
54135.0,44717.0,2018
54135.0,45039.0,2018
54135.0,47694.0,2018
54135.0,48518.0,2018
54135.0,49433.0,2018
54135.0,49557.0,2018
54135.0,51659.0,2018
54135.0,52159.0,2018
54135.0,53031.0,2018
54135.0,53279.0,2018
54135.0,53376.0,2018
54135.0,53392.0,2018
54135.0,53856.0,2018
54135.0,53872.0,2018
54135.0,54135.0,2018
54275.0,40738.0,2018
54275.0,41734.0,2018
54275.0,42030.0,2018
54275.0,42331.0,2018
54275.0,43338.0,2018
54275.0,44377.0,2018
54275.0,44652.0,2018
54275.0,44792.0,2018
54275.0,45756.0,2018
54275.0,45799.0,2018
54275.0,49654.0,2018
54275.0,49751.0,2018
54275.0,50156.0,2018
54275.0,50458.0,2018
54275.0,50610.0,2018
54275.0,51250.0,2018
54275.0,52299.0,2018
54275.0,52752.0,2018
54275.0,53139.0,2018
54275.0,53198.0,2018
54275.0,53694.0,2018
54275.0,53791.0,2018
54275.0,53970.0,2018
54275.0,54275.0,2018
54275.0,54410.0,2018
56235.0,56030.0,2018
56235.0,56049.0,2018
56235.0,56090.0,2018
56235.0,56120.0,2018
56235.0,56138.0,2018
56235.0,56219.0,2018
56235.0,56235.0,2018
56235.0,56278.0,2018
56235.0,56332.0,2018
56235.0,56359.0,2018
56235.0,56391.0,2018
56235.0,56456.0,2018
56235.0,56502.0,2018
56235.0,56510.0,2018
56235.0,56553.0,2018
56235.0,56596.0,2018
56235.0,56618.0,2018
56235.0,56677.0,2018
56235.0,56731.0,2018
56235.0,56758.0,2018
56235.0,56839.0,2018
56235.0,56855.0,2018
56235.0,56871.0,2018
56235.0,56952.0,2018
56235.0,57096.0,2018
56235.0,57959.0,2018
56294.0,56006.0,2018
56294.0,56022.0,2018
56294.0,56065.0,2018
56294.0,56154.0,2018
56294.0,56162.0,2018
56294.0,56170.0,2018
56294.0,56227.0,2018
56294.0,56294.0,2018
56294.0,56308.0,2018
56294.0,56413.0,2018
56294.0,56650.0,2018
56294.0,56790.0,2018
56294.0,56936.0,2018
56294.0,57070.0,2018
56294.0,57991.0,2018
56634.0,56111.0,2018
56634.0,56189.0,2018
56634.0,56499.0,2018
56634.0,56626.0,2018
56634.0,56634.0,2018
56634.0,57118.0,2018
56979.0,56081.0,2018
56979.0,56197.0,2018
56979.0,56200.0,2018
56979.0,56316.0,2018
56979.0,56693.0,2018
56979.0,56715.0,2018
56979.0,56774.0,2018
56979.0,56812.0,2018
56979.0,56979.0,2018
56979.0,57134.0,2018
56979.0,57150.0,2018
57053.0,56014.0,2018
57053.0,56057.0,2018
57053.0,56073.0,2018
57053.0,56103.0,2018
57053.0,56146.0,2018
57053.0,56251.0,2018
57053.0,56375.0,2018
57053.0,56430.0,2018
57053.0,56472.0,2018
57053.0,56537.0,2018
57053.0,56570.0,2018
57053.0,56898.0,2018
57053.0,56910.0,2018
57053.0,56995.0,2018
57053.0,57010.0,2018
57053.0,57037.0,2018
57053.0,57053.0,2018
57053.0,57916.0,2018
57053.0,57932.0,2018
57053.0,57975.0,2018
58017.0,58017.0,2018
58017.0,58750.0,2018
58050.0,58050.0,2018
58050.0,58556.0,2018
58050.0,58793.0,2018
58050.0,58890.0,2018
58050.0,59218.0,2018
58050.0,59234.0,2018
58190.0,58009.0,2018
58190.0,58068.0,2018
58190.0,58173.0,2018
58190.0,58190.0,2018
58190.0,58289.0,2018
58190.0,58416.0,2018
58190.0,58955.0,2018
58190.0,58998.0,2018
58378.0,58157.0,2018
58378.0,58360.0,2018
58378.0,58378.0,2018
58378.0,58858.0,2018
58378.0,59110.0,2018
58432.0,58084.0,2018
58432.0,58114.0,2018
58432.0,58181.0,2018
58432.0,58343.0,2018
58432.0,58432.0,2018
58432.0,58459.0,2018
58432.0,58599.0,2018
58432.0,58610.0,2018
58432.0,58815.0,2018
58432.0,58939.0,2018
58432.0,59293.0,2018
58475.0,58203.0,2018
58475.0,58254.0,2018
58475.0,58270.0,2018
58475.0,58300.0,2018
58475.0,58475.0,2018
58491.0,58106.0,2018
58491.0,58491.0,2018
58653.0,58530.0,2018
58653.0,58653.0,2018
58670.0,58092.0,2018
58670.0,58211.0,2018
58670.0,58238.0,2018
58670.0,58297.0,2018
58670.0,58319.0,2018
58670.0,58386.0,2018
58670.0,58670.0,2018
58670.0,58912.0,2018
58670.0,59056.0,2018
58670.0,59137.0,2018
58670.0,59170.0,2018
58696.0,58351.0,2018
58696.0,58572.0,2018
58696.0,58696.0,2018
58696.0,58718.0,2018
58777.0,58777.0,2018
58777.0,59331.0,2018
58831.0,58025.0,2018
58831.0,58327.0,2018
58831.0,58440.0,2018
58831.0,58831.0,2018
58971.0,58971.0,2018
59013.0,58041.0,2018
59013.0,58122.0,2018
59013.0,58149.0,2018
59013.0,58335.0,2018
59013.0,58467.0,2018
59013.0,58637.0,2018
59013.0,59013.0,2018
59030.0,58033.0,2018
59030.0,58130.0,2018
59030.0,58262.0,2018
59030.0,58408.0,2018
59030.0,59030.0,2018
59030.0,59099.0,2018
59030.0,59277.0,2018
59153.0,59153.0,2018
59196.0,58165.0,2018
59196.0,58220.0,2018
59196.0,58734.0,2018
59196.0,59072.0,2018
59196.0,59196.0,2018
59196.0,59315.0,2018
59250.0,58076.0,2018
59250.0,58246.0,2018
59250.0,58874.0,2018
59250.0,59250.0,2018
60011.0,58394.0,2018
60011.0,58424.0,2018
60011.0,58513.0,2018
60011.0,60011.0,2018
61310.0,61310.0,2018
61310.0,61751.0,2018
61310.0,63576.0,2018
61310.0,67695.0,2018
61310.0,70173.0,2018
61417.0,61204.0,2018
61417.0,61417.0,2018
61417.0,63215.0,2018
61417.0,63894.0,2018
61417.0,64572.0,2018
61417.0,65617.0,2018
61417.0,66214.0,2018
61417.0,67334.0,2018
61417.0,67431.0,2018
61417.0,67636.0,2018
61417.0,67652.0,2018
61417.0,67970.0,2018
61417.0,68098.0,2018
61417.0,68292.0,2018
61417.0,68497.0,2018
61417.0,70432.0,2018
61417.0,70874.0,2018
61417.0,71471.0,2018
61417.0,72036.0,2018
61557.0,61212.0,2018
61557.0,61328.0,2018
61557.0,61557.0,2018
61557.0,61875.0,2018
61557.0,61921.0,2018
61557.0,61999.0,2018
61557.0,62022.0,2018
61557.0,62081.0,2018
61557.0,62235.0,2018
61557.0,62278.0,2018
61557.0,62294.0,2018
61557.0,62553.0,2018
61557.0,62634.0,2018
61557.0,63398.0,2018
61557.0,63517.0,2018
61557.0,64319.0,2018
61557.0,64378.0,2018
61557.0,64432.0,2018
61557.0,64653.0,2018
61557.0,66311.0,2018
61557.0,66559.0,2018
61557.0,67032.0,2018
61557.0,67210.0,2018
61557.0,67679.0,2018
61557.0,68470.0,2018
61557.0,68551.0,2018
61557.0,69892.0,2018
61557.0,70696.0,2018
61557.0,72052.0,2018
61557.0,72273.0,2018
61638.0,61069.0,2018
61638.0,61336.0,2018
61638.0,61638.0,2018
61638.0,62308.0,2018
61638.0,62332.0,2018
61638.0,62448.0,2018
61638.0,62472.0,2018
61638.0,63037.0,2018
61638.0,63819.0,2018
61638.0,64130.0,2018
61638.0,64939.0,2018
61638.0,65552.0,2018
61638.0,66877.0,2018
61638.0,67598.0,2018
61638.0,69752.0,2018
61638.0,70319.0,2018
61638.0,70394.0,2018
61638.0,71552.0,2018
61638.0,71757.0,2018
61794.0,61042.0,2018
61794.0,61247.0,2018
61794.0,61794.0,2018
61794.0,62430.0,2018
61794.0,63010.0,2018
61794.0,63673.0,2018
61794.0,64238.0,2018
61794.0,66770.0,2018
61794.0,68110.0,2018
61794.0,68950.0,2018
61794.0,69353.0,2018
61891.0,61085.0,2018
61891.0,61611.0,2018
61891.0,61891.0,2018
61891.0,63290.0,2018
61891.0,65374.0,2018
61891.0,68179.0,2018
62090.0,62090.0,2018
62090.0,63410.0,2018
62090.0,63436.0,2018
62090.0,64491.0,2018
62090.0,65854.0,2018
62090.0,66958.0,2018
62138.0,61263.0,2018
62138.0,62138.0,2018
62138.0,65510.0,2018
62138.0,66010.0,2018
62138.0,68837.0,2018
62138.0,70475.0,2018
62138.0,71137.0,2018
62138.0,72737.0,2018
62197.0,61026.0,2018
62197.0,61131.0,2018
62197.0,61670.0,2018
62197.0,61859.0,2018
62197.0,61930.0,2018
62197.0,62197.0,2018
62197.0,62405.0,2018
62197.0,62456.0,2018
62197.0,62677.0,2018
62197.0,63916.0,2018
62197.0,64831.0,2018
62197.0,66370.0,2018
62197.0,66516.0,2018
62197.0,66613.0,2018
62197.0,68357.0,2018
62197.0,68799.0,2018
62197.0,68896.0,2018
62197.0,69230.0,2018
62197.0,69515.0,2018
62197.0,72117.0,2018
62197.0,72192.0,2018
62499.0,61450.0,2018
62499.0,61719.0,2018
62499.0,62049.0,2018
62499.0,62146.0,2018
62499.0,62375.0,2018
62499.0,62499.0,2018
62499.0,63479.0,2018
62499.0,65714.0,2018
62499.0,68233.0,2018
62499.0,69116.0,2018
62499.0,71030.0,2018
62510.0,61093.0,2018
62510.0,61379.0,2018
62510.0,61549.0,2018
62510.0,61620.0,2018
62510.0,61816.0,2018
62510.0,62413.0,2018
62510.0,62510.0,2018
62510.0,65692.0,2018
62510.0,66052.0,2018
62510.0,66117.0,2018
62510.0,66419.0,2018
62510.0,67253.0,2018
62510.0,67415.0,2018
62510.0,67490.0,2018
62510.0,68373.0,2018
62510.0,68675.0,2018
62510.0,68730.0,2018
62510.0,71331.0,2018
62510.0,71439.0,2018
62910.0,61727.0,2018
62910.0,61743.0,2018
62910.0,62910.0,2018
62910.0,63096.0,2018
62910.0,63991.0,2018
62910.0,65110.0,2018
62910.0,65951.0,2018
62910.0,67199.0,2018
62910.0,67377.0,2018
62910.0,68314.0,2018
62910.0,68438.0,2018
62910.0,69434.0,2018
62910.0,70610.0,2018
62910.0,71498.0,2018
62910.0,72257.0,2018
62910.0,72370.0,2018
63118.0,63118.0,2018
63118.0,65099.0,2018
63118.0,71153.0,2018
63118.0,72095.0,2018
63231.0,61182.0,2018
63231.0,61409.0,2018
63231.0,61735.0,2018
63231.0,61760.0,2018
63231.0,61867.0,2018
63231.0,62871.0,2018
63231.0,63231.0,2018
63231.0,63258.0,2018
63231.0,64890.0,2018
63231.0,65390.0,2018
63231.0,68039.0,2018
63231.0,68152.0,2018
63231.0,68632.0,2018
63231.0,70130.0,2018
63231.0,71536.0,2018
64254.0,61590.0,2018
64254.0,62650.0,2018
64254.0,63657.0,2018
64254.0,64254.0,2018
64254.0,64556.0,2018
64254.0,65030.0,2018
64254.0,65277.0,2018
64254.0,65757.0,2018
64254.0,65838.0,2018
64254.0,66095.0,2018
64254.0,68276.0,2018
64254.0,68411.0,2018
64254.0,69558.0,2018
64254.0,69639.0,2018
64254.0,69736.0,2018
64254.0,70912.0,2018
64696.0,61492.0,2018
64696.0,61565.0,2018
64696.0,61646.0,2018
64696.0,61697.0,2018
64696.0,61972.0,2018
64696.0,62103.0,2018
64696.0,62731.0,2018
64696.0,63690.0,2018
64696.0,63738.0,2018
64696.0,64696.0,2018
64696.0,66338.0,2018
64696.0,66451.0,2018
64696.0,68713.0,2018
64696.0,69396.0,2018
64696.0,69876.0,2018
64696.0,70939.0,2018
64696.0,71412.0,2018
64777.0,61778.0,2018
64777.0,64157.0,2018
64777.0,64777.0,2018
64777.0,65633.0,2018
64777.0,66710.0,2018
64777.0,68977.0,2018
64777.0,70378.0,2018
65498.0,61360.0,2018
65498.0,61433.0,2018
65498.0,61506.0,2018
65498.0,61530.0,2018
65498.0,61603.0,2018
65498.0,61700.0,2018
65498.0,61786.0,2018
65498.0,61840.0,2018
65498.0,61948.0,2018
65498.0,61980.0,2018
65498.0,62014.0,2018
65498.0,62618.0,2018
65498.0,63053.0,2018
65498.0,63533.0,2018
65498.0,64530.0,2018
65498.0,65358.0,2018
65498.0,65498.0,2018
65498.0,65579.0,2018
65498.0,65650.0,2018
65498.0,69574.0,2018
65498.0,69612.0,2018
65498.0,69710.0,2018
65498.0,71773.0,2018
65978.0,61123.0,2018
65978.0,61301.0,2018
65978.0,61425.0,2018
65978.0,61514.0,2018
65978.0,61522.0,2018
65978.0,61808.0,2018
65978.0,61832.0,2018
65978.0,61883.0,2018
65978.0,61964.0,2018
65978.0,62200.0,2018
65978.0,62227.0,2018
65978.0,62367.0,2018
65978.0,62383.0,2018
65978.0,63851.0,2018
65978.0,64050.0,2018
65978.0,64114.0,2018
65978.0,64394.0,2018
65978.0,64610.0,2018
65978.0,64793.0,2018
65978.0,65153.0,2018
65978.0,65978.0,2018
65978.0,66656.0,2018
65978.0,66834.0,2018
65978.0,66931.0,2018
65978.0,67016.0,2018
65978.0,68055.0,2018
65978.0,68195.0,2018
65978.0,68390.0,2018
65978.0,69094.0,2018
65978.0,69914.0,2018
65978.0,70157.0,2018
65978.0,70238.0,2018
65978.0,70335.0,2018
65978.0,70459.0,2018
65978.0,70491.0,2018
65978.0,70815.0,2018
65978.0,70858.0,2018
65978.0,71994.0,2018
65978.0,72079.0,2018
65978.0,72176.0,2018
66079.0,62030.0,2018
66079.0,62057.0,2018
66079.0,62359.0,2018
66079.0,63835.0,2018
66079.0,65013.0,2018
66079.0,65412.0,2018
66079.0,65595.0,2018
66079.0,66079.0,2018
66079.0,66974.0,2018
66079.0,71951.0,2018
66192.0,62693.0,2018
66192.0,62855.0,2018
66192.0,62936.0,2018
66192.0,65811.0,2018
66192.0,66192.0,2018
66192.0,66478.0,2018
66192.0,72338.0,2018
66397.0,61654.0,2018
66397.0,61662.0,2018
66397.0,61689.0,2018
66397.0,63452.0,2018
66397.0,63495.0,2018
66397.0,65293.0,2018
66397.0,66354.0,2018
66397.0,66397.0,2018
66397.0,67156.0,2018
66435.0,62774.0,2018
66435.0,64416.0,2018
66435.0,64459.0,2018
66435.0,64475.0,2018
66435.0,64637.0,2018
66435.0,66435.0,2018
66435.0,69035.0,2018
66435.0,69337.0,2018
66435.0,69930.0,2018
66818.0,61271.0,2018
66818.0,61298.0,2018
66818.0,62286.0,2018
66818.0,63959.0,2018
66818.0,64335.0,2018
66818.0,64351.0,2018
66818.0,66176.0,2018
66818.0,66575.0,2018
66818.0,66591.0,2018
66818.0,66818.0,2018
66818.0,67750.0,2018
66818.0,67830.0,2018
66818.0,67911.0,2018
66818.0,69019.0,2018
66818.0,69418.0,2018
66818.0,72354.0,2018
66893.0,66893.0,2018
66893.0,69671.0,2018
67130.0,62316.0,2018
67130.0,64670.0,2018
67130.0,67130.0,2018
67130.0,70017.0,2018
67130.0,71510.0,2018
67890.0,63134.0,2018
67890.0,63614.0,2018
67890.0,64017.0,2018
67890.0,65455.0,2018
67890.0,67890.0,2018
67954.0,61140.0,2018
67954.0,61344.0,2018
67954.0,62251.0,2018
67954.0,62979.0,2018
67954.0,63371.0,2018
67954.0,64092.0,2018
67954.0,64912.0,2018
67954.0,65196.0,2018
67954.0,66737.0,2018
67954.0,67776.0,2018
67954.0,67954.0,2018
67954.0,68071.0,2018
67954.0,68772.0,2018
67954.0,69655.0,2018
67954.0,70092.0,2018
67954.0,70190.0,2018
67954.0,70297.0,2018
67954.0,71110.0,2018
67954.0,71250.0,2018
67954.0,71617.0,2018
67954.0,71854.0,2018
67954.0,71935.0,2018
68756.0,61115.0,2018
68756.0,61395.0,2018
68756.0,61441.0,2018
68756.0,62324.0,2018
68756.0,63355.0,2018
68756.0,63550.0,2018
68756.0,65234.0,2018
68756.0,65730.0,2018
68756.0,66290.0,2018
68756.0,68519.0,2018
68756.0,68756.0,2018
68756.0,69795.0,2018
68756.0,69817.0,2018
68756.0,70351.0,2018
68756.0,70416.0,2018
68756.0,71099.0,2018
68756.0,71919.0,2018
69299.0,61000.0,2018
69299.0,61158.0,2018
69299.0,61166.0,2018
69299.0,61255.0,2018
69299.0,61387.0,2018
69299.0,61476.0,2018
69299.0,62340.0,2018
69299.0,62421.0,2018
69299.0,62790.0,2018
69299.0,62839.0,2018
69299.0,64076.0,2018
69299.0,64173.0,2018
69299.0,64998.0,2018
69299.0,65137.0,2018
69299.0,65331.0,2018
69299.0,66133.0,2018
69299.0,66753.0,2018
69299.0,66850.0,2018
69299.0,67059.0,2018
69299.0,67458.0,2018
69299.0,68691.0,2018
69299.0,68853.0,2018
69299.0,69256.0,2018
69299.0,69272.0,2018
69299.0,69299.0,2018
69299.0,69310.0,2018
69299.0,69450.0,2018
69299.0,69493.0,2018
69299.0,70114.0,2018
69299.0,70556.0,2018
69299.0,70670.0,2018
69299.0,71595.0,2018
69299.0,71790.0,2018
69299.0,71870.0,2018
69531.0,61484.0,2018
69531.0,62006.0,2018
69531.0,62073.0,2018
69531.0,62995.0,2018
69531.0,63975.0,2018
69531.0,65072.0,2018
69531.0,65250.0,2018
69531.0,65676.0,2018
69531.0,65935.0,2018
69531.0,66230.0,2018
69531.0,66990.0,2018
69531.0,68250.0,2018
69531.0,68454.0,2018
69531.0,69531.0,2018
69531.0,71374.0,2018
69698.0,61107.0,2018
69698.0,61190.0,2018
69698.0,62111.0,2018
69698.0,62170.0,2018
69698.0,62189.0,2018
69698.0,62219.0,2018
69698.0,62260.0,2018
69698.0,62570.0,2018
69698.0,62898.0,2018
69698.0,63193.0,2018
69698.0,63630.0,2018
69698.0,63932.0,2018
69698.0,64734.0,2018
69698.0,65870.0,2018
69698.0,66036.0,2018
69698.0,66532.0,2018
69698.0,67270.0,2018
69698.0,67318.0,2018
69698.0,67393.0,2018
69698.0,67733.0,2018
69698.0,67873.0,2018
69698.0,68810.0,2018
69698.0,68918.0,2018
69698.0,69051.0,2018
69698.0,69191.0,2018
69698.0,69698.0,2018
69698.0,69990.0,2018
69698.0,70530.0,2018
69698.0,70599.0,2018
69698.0,70890.0,2018
69698.0,71196.0,2018
69698.0,71293.0,2018
69698.0,71315.0,2018
69698.0,71358.0,2018
69698.0,71633.0,2018
69698.0,71650.0,2018
69698.0,71897.0,2018
69698.0,72397.0,2018
69698.0,72419.0,2018
70572.0,69833.0,2018
70572.0,70572.0,2018
70572.0,70777.0,2018
70718.0,61280.0,2018
70718.0,63711.0,2018
70718.0,64750.0,2018
70718.0,70718.0,2018
70750.0,63770.0,2018
70750.0,70750.0,2018
70793.0,62596.0,2018
70793.0,63754.0,2018
70793.0,63878.0,2018
70793.0,64874.0,2018
70793.0,68870.0,2018
70793.0,69159.0,2018
70793.0,69590.0,2018
70793.0,70254.0,2018
70793.0,70270.0,2018
70793.0,70513.0,2018
70793.0,70793.0,2018
70793.0,71676.0,2018
70831.0,61050.0,2018
70831.0,61077.0,2018
70831.0,62758.0,2018
70831.0,63177.0,2018
70831.0,63797.0,2018
70831.0,65536.0,2018
70831.0,65773.0,2018
70831.0,67113.0,2018
70831.0,67172.0,2018
70831.0,68659.0,2018
70831.0,70637.0,2018
70831.0,70831.0,2018
70831.0,70955.0,2018
70831.0,71170.0,2018
70831.0,71730.0,2018
70831.0,72311.0,2018
70971.0,61034.0,2018
70971.0,61174.0,2018
70971.0,61239.0,2018
70971.0,61352.0,2018
70971.0,61468.0,2018
70971.0,61824.0,2018
70971.0,61913.0,2018
70971.0,61956.0,2018
70971.0,62243.0,2018
70971.0,63150.0,2018
70971.0,63274.0,2018
70971.0,63592.0,2018
70971.0,64190.0,2018
70971.0,64513.0,2018
70971.0,64599.0,2018
70971.0,64971.0,2018
70971.0,65315.0,2018
70971.0,65919.0,2018
70971.0,66150.0,2018
70971.0,66630.0,2018
70971.0,66672.0,2018
70971.0,66915.0,2018
70971.0,67075.0,2018
70971.0,67091.0,2018
70971.0,67296.0,2018
70971.0,67512.0,2018
70971.0,67539.0,2018
70971.0,67555.0,2018
70971.0,67571.0,2018
70971.0,67610.0,2018
70971.0,67717.0,2018
70971.0,67792.0,2018
70971.0,67814.0,2018
70971.0,67857.0,2018
70971.0,68012.0,2018
70971.0,68330.0,2018
70971.0,68934.0,2018
70971.0,68993.0,2018
70971.0,69078.0,2018
70971.0,69175.0,2018
70971.0,69850.0,2018
70971.0,69973.0,2018
70971.0,70971.0,2018
70971.0,71277.0,2018
70971.0,71390.0,2018
70971.0,71692.0,2018
70971.0,72133.0,2018
70971.0,72150.0,2018
70971.0,72214.0,2018
70971.0,72230.0,2018
70971.0,72451.0,2018
70998.0,62715.0,2018
70998.0,65056.0,2018
70998.0,65897.0,2018
70998.0,67350.0,2018
70998.0,68136.0,2018
70998.0,70211.0,2018
70998.0,70998.0,2018
71072.0,61905.0,2018
71072.0,62812.0,2018
71072.0,64033.0,2018
71072.0,64270.0,2018
71072.0,64297.0,2018
71072.0,66257.0,2018
71072.0,71072.0,2018
71072.0,71579.0,2018
71218.0,65439.0,2018
71218.0,67237.0,2018
71218.0,68535.0,2018
71218.0,69213.0,2018
71218.0,71218.0,2018
71455.0,61220.0,2018
71455.0,61573.0,2018
71455.0,61581.0,2018
71455.0,62162.0,2018
71455.0,62391.0,2018
71455.0,63070.0,2018
71455.0,63312.0,2018
71455.0,63339.0,2018
71455.0,64718.0,2018
71455.0,64955.0,2018
71455.0,65218.0,2018
71455.0,65471.0,2018
71455.0,65790.0,2018
71455.0,66699.0,2018
71455.0,68578.0,2018
71455.0,68594.0,2018
71455.0,69132.0,2018
71455.0,70050.0,2018
71455.0,70076.0,2018
71455.0,71056.0,2018
71455.0,71234.0,2018
71455.0,71455.0,2018
71455.0,71714.0,2018
71455.0,71811.0,2018
71455.0,72435.0,2018
71838.0,62952.0,2018
71838.0,65994.0,2018
71838.0,66273.0,2018
71838.0,67474.0,2018
71838.0,68616.0,2018
71838.0,69477.0,2018
71838.0,70653.0,2018
71838.0,70734.0,2018
71838.0,71013.0,2018
71838.0,71838.0,2018
71838.0,71978.0,2018
72010.0,61018.0,2018
72010.0,62065.0,2018
72010.0,62120.0,2018
72010.0,62154.0,2018
72010.0,64211.0,2018
72010.0,64815.0,2018
72010.0,64858.0,2018
72010.0,65170.0,2018
72010.0,66494.0,2018
72010.0,66796.0,2018
72010.0,67938.0,2018
72010.0,67997.0,2018
72010.0,68217.0,2018
72010.0,69370.0,2018
72010.0,69779.0,2018
72010.0,69957.0,2018
72010.0,70033.0,2018
72010.0,72010.0,2018
73440.0,73008.0,2018
73440.0,73105.0,2018
73440.0,73113.0,2018
73440.0,73121.0,2018
73440.0,73130.0,2018
73440.0,73199.0,2018
73440.0,73202.0,2018
73440.0,73210.0,2018
73440.0,73229.0,2018
73440.0,73270.0,2018
73440.0,73385.0,2018
73440.0,73407.0,2018
73440.0,73415.0,2018
73440.0,73440.0,2018
73440.0,73458.0,2018
73440.0,73466.0,2018
73440.0,73474.0,2018
73440.0,73547.0,2018
73440.0,73563.0,2018
73440.0,73571.0,2018
73440.0,73598.0,2018
73440.0,92088.0,2018
73440.0,92185.0,2018
73440.0,92240.0,2018
73440.0,92304.0,2018
73440.0,92371.0,2018
73440.0,92401.0,2018
73440.0,92487.0,2018
73440.0,92606.0,2018
73440.0,92738.0,2018
73440.0,93238.0,2018
73440.0,93459.0,2018
73440.0,94056.0,2018
73440.0,94617.0,2018
73440.0,94633.0,2018
73440.0,94692.0,2018
73440.0,94994.0,2018
73440.0,95192.0,2018
73440.0,95257.0,2018
73440.0,95290.0,2018
73440.0,95370.0,2018
73440.0,95478.0,2018
73440.0,95532.0,2018
73440.0,95591.0,2018
73440.0,95699.0,2018
73440.0,96199.0,2018
73440.0,96270.0,2018
73440.0,96598.0,2018
73440.0,96792.0,2018
73440.0,96830.0,2018
73440.0,96970.0,2018
73440.0,96997.0,2018
74250.0,74004.0,2018
74250.0,74250.0,2018
74250.0,74330.0,2018
74250.0,74420.0,2018
74250.0,74489.0,2018
74250.0,74543.0,2018
74250.0,74616.0,2018
74250.0,74632.0,2018
74250.0,74675.0,2018
74250.0,75264.0,2018
74250.0,75493.0,2018
74250.0,76236.0,2018
74250.0,76430.0,2018
74250.0,76554.0,2018
74250.0,76970.0,2018
74250.0,78190.0,2018
74250.0,78751.0,2018
74250.0,78913.0,2018
74250.0,79596.0,2018
74250.0,84590.0,2018
74837.0,74306.0,2018
74837.0,74314.0,2018
74837.0,74470.0,2018
74837.0,74578.0,2018
74837.0,74721.0,2018
74837.0,74756.0,2018
74837.0,74837.0,2018
74837.0,75280.0,2018
74837.0,75477.0,2018
74837.0,75515.0,2018
74837.0,75582.0,2018
74837.0,75698.0,2018
74837.0,75809.0,2018
74837.0,76376.0,2018
74837.0,76732.0,2018
74837.0,77070.0,2018
74837.0,77194.0,2018
74837.0,77577.0,2018
74837.0,77992.0,2018
74837.0,79170.0,2018
74837.0,79316.0,2018
74837.0,79332.0,2018
74837.0,84557.0,2018
74837.0,84638.0,2018
74934.0,74020.0,2018
74934.0,74047.0,2018
74934.0,74080.0,2018
74934.0,74101.0,2018
74934.0,74268.0,2018
74934.0,74381.0,2018
74934.0,74764.0,2018
74934.0,74780.0,2018
74934.0,74896.0,2018
74934.0,74934.0,2018
74934.0,74977.0,2018
74934.0,75230.0,2018
74934.0,75329.0,2018
74934.0,75817.0,2018
74934.0,79553.0,2018
74934.0,79812.0,2018
74934.0,79839.0,2018
74934.0,79855.0,2018
74934.0,79871.0,2018
75353.0,74039.0,2018
75353.0,74055.0,2018
75353.0,74071.0,2018
75353.0,74322.0,2018
75353.0,74357.0,2018
75353.0,74438.0,2018
75353.0,74446.0,2018
75353.0,74594.0,2018
75353.0,74772.0,2018
75353.0,74799.0,2018
75353.0,74810.0,2018
75353.0,74888.0,2018
75353.0,74942.0,2018
75353.0,75019.0,2018
75353.0,75043.0,2018
75353.0,75132.0,2018
75353.0,75205.0,2018
75353.0,75213.0,2018
75353.0,75353.0,2018
75353.0,76570.0,2018
75353.0,76791.0,2018
75353.0,77615.0,2018
75353.0,77690.0,2018
75353.0,77810.0,2018
75353.0,77950.0,2018
75353.0,78018.0,2018
75353.0,78212.0,2018
75353.0,78239.0,2018
75353.0,78859.0,2018
75353.0,79251.0,2018
75639.0,74284.0,2018
75639.0,74705.0,2018
75639.0,75000.0,2018
75639.0,75639.0,2018
75639.0,75647.0,2018
75639.0,76996.0,2018
75639.0,77011.0,2018
75639.0,78891.0,2018
75639.0,79570.0,2018
75639.0,79715.0,2018
75639.0,84670.0,2018
75639.0,84697.0,2018
75655.0,74144.0,2018
75655.0,74179.0,2018
75655.0,74241.0,2018
75655.0,74349.0,2018
75655.0,74497.0,2018
75655.0,74640.0,2018
75655.0,74870.0,2018
75655.0,75027.0,2018
75655.0,75124.0,2018
75655.0,75167.0,2018
75655.0,75418.0,2018
75655.0,75450.0,2018
75655.0,75469.0,2018
75655.0,75655.0,2018
75655.0,76953.0,2018
75655.0,77593.0,2018
75655.0,77755.0,2018
75655.0,78050.0,2018
75655.0,78093.0,2018
75655.0,78336.0,2018
75655.0,78379.0,2018
75655.0,78514.0,2018
75655.0,78573.0,2018
75655.0,78816.0,2018
75655.0,79456.0,2018
75655.0,79910.0,2018
75655.0,79952.0,2018
75710.0,74560.0,2018
75710.0,75710.0,2018
75710.0,79219.0,2018
75833.0,74225.0,2018
75833.0,74586.0,2018
75833.0,74969.0,2018
75833.0,75183.0,2018
75833.0,75361.0,2018
75833.0,75388.0,2018
75833.0,75540.0,2018
75833.0,75604.0,2018
75833.0,75833.0,2018
75833.0,75990.0,2018
75833.0,76597.0,2018
75833.0,77658.0,2018
75833.0,77917.0,2018
75833.0,84514.0,2018
75833.0,84530.0,2018
76295.0,74012.0,2018
76295.0,74195.0,2018
76295.0,74454.0,2018
76295.0,74519.0,2018
76295.0,74691.0,2018
76295.0,74918.0,2018
76295.0,75191.0,2018
76295.0,75752.0,2018
76295.0,76139.0,2018
76295.0,76279.0,2018
76295.0,76295.0,2018
76295.0,76392.0,2018
76295.0,76490.0,2018
76295.0,76511.0,2018
76295.0,77631.0,2018
76295.0,77933.0,2018
76295.0,78131.0,2018
76295.0,78158.0,2018
76295.0,78352.0,2018
76295.0,78395.0,2018
76295.0,78557.0,2018
76295.0,78590.0,2018
76295.0,78832.0,2018
76295.0,79073.0,2018
76295.0,79294.0,2018
76295.0,79430.0,2018
76678.0,74136.0,2018
76678.0,74276.0,2018
76678.0,74373.0,2018
76678.0,74535.0,2018
76678.0,74608.0,2018
76678.0,74667.0,2018
76678.0,74713.0,2018
76678.0,74993.0,2018
76678.0,75175.0,2018
76678.0,75256.0,2018
76678.0,75566.0,2018
76678.0,75574.0,2018
76678.0,75663.0,2018
76678.0,75795.0,2018
76678.0,75914.0,2018
76678.0,76317.0,2018
76678.0,76473.0,2018
76678.0,76619.0,2018
76678.0,76678.0,2018
76678.0,77054.0,2018
76678.0,77178.0,2018
76678.0,77232.0,2018
76678.0,77798.0,2018
76678.0,77895.0,2018
76678.0,78034.0,2018
76678.0,78255.0,2018
76678.0,78417.0,2018
76678.0,78530.0,2018
76678.0,78638.0,2018
76678.0,78697.0,2018
76678.0,78956.0,2018
76678.0,79030.0,2018
76678.0,79057.0,2018
76678.0,79413.0,2018
76910.0,74128.0,2018
76910.0,74390.0,2018
76910.0,74411.0,2018
76910.0,74659.0,2018
76910.0,74730.0,2018
76910.0,74845.0,2018
76910.0,75051.0,2018
76910.0,75159.0,2018
76910.0,75310.0,2018
76910.0,75434.0,2018
76910.0,75531.0,2018
76910.0,75558.0,2018
76910.0,75590.0,2018
76910.0,75957.0,2018
76910.0,76015.0,2018
76910.0,76112.0,2018
76910.0,76155.0,2018
76910.0,76252.0,2018
76910.0,76350.0,2018
76910.0,76414.0,2018
76910.0,76457.0,2018
76910.0,76538.0,2018
76910.0,76651.0,2018
76910.0,76694.0,2018
76910.0,76759.0,2018
76910.0,76775.0,2018
76910.0,76872.0,2018
76910.0,76910.0,2018
76910.0,77119.0,2018
76910.0,77135.0,2018
76910.0,77216.0,2018
76910.0,77291.0,2018
76910.0,77313.0,2018
76910.0,77437.0,2018
76910.0,77470.0,2018
76910.0,77879.0,2018
76910.0,78310.0,2018
76910.0,78450.0,2018
76910.0,78476.0,2018
76910.0,78654.0,2018
76910.0,78794.0,2018
76910.0,78972.0,2018
76910.0,79391.0,2018
76910.0,79618.0,2018
76910.0,84611.0,2018
77453.0,74217.0,2018
77453.0,75523.0,2018
77453.0,75850.0,2018
77453.0,75876.0,2018
77453.0,77097.0,2018
77453.0,77453.0,2018
77453.0,79634.0,2018
77496.0,74098.0,2018
77496.0,74152.0,2018
77496.0,74829.0,2018
77496.0,75396.0,2018
77496.0,75736.0,2018
77496.0,76198.0,2018
77496.0,76635.0,2018
77496.0,77038.0,2018
77496.0,77151.0,2018
77496.0,77259.0,2018
77496.0,77410.0,2018
77496.0,77496.0,2018
77496.0,77739.0,2018
77496.0,77836.0,2018
77496.0,78611.0,2018
77496.0,78670.0,2018
77496.0,78735.0,2018
77496.0,78930.0,2018
77496.0,79090.0,2018
77496.0,79197.0,2018
77496.0,79758.0,2018
77518.0,74160.0,2018
77518.0,74365.0,2018
77518.0,74748.0,2018
77518.0,75035.0,2018
77518.0,75060.0,2018
77518.0,75094.0,2018
77518.0,75116.0,2018
77518.0,75248.0,2018
77518.0,75272.0,2018
77518.0,75787.0,2018
77518.0,76171.0,2018
77518.0,76937.0,2018
77518.0,77330.0,2018
77518.0,77518.0,2018
77518.0,78719.0,2018
77518.0,79472.0,2018
77712.0,74527.0,2018
77712.0,74802.0,2018
77712.0,74853.0,2018
77712.0,74985.0,2018
77712.0,75086.0,2018
77712.0,75108.0,2018
77712.0,75140.0,2018
77712.0,75485.0,2018
77712.0,75620.0,2018
77712.0,75744.0,2018
77712.0,75760.0,2018
77712.0,76090.0,2018
77712.0,76813.0,2018
77712.0,77372.0,2018
77712.0,77712.0,2018
77712.0,78271.0,2018
77771.0,74950.0,2018
77771.0,75221.0,2018
77771.0,75345.0,2018
77771.0,75426.0,2018
77771.0,75973.0,2018
77771.0,76031.0,2018
77771.0,76074.0,2018
77771.0,76210.0,2018
77771.0,76333.0,2018
77771.0,77356.0,2018
77771.0,77674.0,2018
77771.0,77771.0,2018
77771.0,79014.0,2018
77771.0,79138.0,2018
79154.0,74292.0,2018
79154.0,74900.0,2018
79154.0,75370.0,2018
79154.0,75442.0,2018
79154.0,75892.0,2018
79154.0,77275.0,2018
79154.0,78115.0,2018
79154.0,78999.0,2018
79154.0,79154.0,2018
79154.0,79235.0,2018
79154.0,84573.0,2018
79278.0,74063.0,2018
79278.0,74403.0,2018
79278.0,74500.0,2018
79278.0,74624.0,2018
79278.0,74683.0,2018
79278.0,74861.0,2018
79278.0,75400.0,2018
79278.0,75612.0,2018
79278.0,76830.0,2018
79278.0,79278.0,2018
79278.0,79537.0,2018
79278.0,79650.0,2018
79278.0,79790.0,2018
79278.0,79898.0,2018
79278.0,79936.0,2018
79278.0,79979.0,2018
79278.0,84719.0,2018
79359.0,74110.0,2018
79359.0,74187.0,2018
79359.0,74209.0,2018
79359.0,74462.0,2018
79359.0,74926.0,2018
79359.0,75078.0,2018
79359.0,75299.0,2018
79359.0,75302.0,2018
79359.0,75507.0,2018
79359.0,75779.0,2018
79359.0,75930.0,2018
79359.0,76058.0,2018
79359.0,76856.0,2018
79359.0,76899.0,2018
79359.0,77399.0,2018
79359.0,77976.0,2018
79359.0,78298.0,2018
79359.0,78433.0,2018
79359.0,78492.0,2018
79359.0,79111.0,2018
79359.0,79359.0,2018
79359.0,79499.0,2018
79359.0,79510.0,2018
79359.0,79677.0,2018
79359.0,79693.0,2018
79359.0,79731.0,2018
79359.0,79774.0,2018
79359.0,79995.0,2018
79359.0,84654.0,2018
79375.0,74233.0,2018
79375.0,74551.0,2018
79375.0,75337.0,2018
79375.0,75671.0,2018
79375.0,76716.0,2018
79375.0,77534.0,2018
79375.0,77550.0,2018
79375.0,77852.0,2018
79375.0,78077.0,2018
79375.0,78174.0,2018
79375.0,78778.0,2018
79375.0,78875.0,2018
79375.0,79375.0,2018
80470.0,80063.0,2018
80470.0,80080.0,2018
80470.0,80330.0,2018
80470.0,80438.0,2018
80470.0,80470.0,2018
80470.0,81175.0,2018
80470.0,81396.0,2018
80470.0,81477.0,2018
80470.0,81973.0,2018
80470.0,82597.0,2018
80470.0,82899.0,2018
80470.0,82970.0,2018
80470.0,83577.0,2018
80551.0,80519.0,2018
80551.0,80551.0,2018
80551.0,81230.0,2018
80551.0,82015.0,2018
80551.0,82252.0,2018
80551.0,83216.0,2018
80578.0,80004.0,2018
80578.0,80209.0,2018
80578.0,80314.0,2018
80578.0,80578.0,2018
80578.0,80667.0,2018
80578.0,80900.0,2018
80578.0,80926.0,2018
80578.0,80934.0,2018
80578.0,80942.0,2018
80578.0,81078.0,2018
80578.0,81329.0,2018
80578.0,81361.0,2018
80578.0,81558.0,2018
80578.0,81914.0,2018
80578.0,82090.0,2018
80578.0,82678.0,2018
80578.0,82830.0,2018
80578.0,83038.0,2018
80578.0,83054.0,2018
80578.0,83798.0,2018
80810.0,80012.0,2018
80810.0,80098.0,2018
80810.0,80144.0,2018
80810.0,80284.0,2018
80810.0,80322.0,2018
80810.0,80446.0,2018
80810.0,80500.0,2018
80810.0,80527.0,2018
80810.0,80543.0,2018
80810.0,80586.0,2018
80810.0,80764.0,2018
80810.0,80799.0,2018
80810.0,80802.0,2018
80810.0,80810.0,2018
80810.0,80829.0,2018
80810.0,80845.0,2018
80810.0,80853.0,2018
80810.0,80861.0,2018
80810.0,80888.0,2018
80810.0,81043.0,2018
80810.0,81094.0,2018
80810.0,81108.0,2018
80810.0,81140.0,2018
80810.0,81205.0,2018
80810.0,81388.0,2018
80810.0,81426.0,2018
80810.0,81442.0,2018
80810.0,81540.0,2018
80810.0,82066.0,2018
80810.0,82139.0,2018
80810.0,82236.0,2018
80810.0,82376.0,2018
80810.0,82538.0,2018
80810.0,82791.0,2018
80810.0,83151.0,2018
80810.0,83178.0,2018
80810.0,83330.0,2018
80810.0,83410.0,2018
80810.0,83836.0,2018
80810.0,83879.0,2018
80837.0,80047.0,2018
80837.0,80489.0,2018
80837.0,80624.0,2018
80837.0,80837.0,2018
80837.0,81035.0,2018
80837.0,81302.0,2018
80837.0,81493.0,2018
80837.0,81515.0,2018
80837.0,81531.0,2018
80837.0,81574.0,2018
80837.0,81698.0,2018
80837.0,82473.0,2018
80837.0,82570.0,2018
80837.0,82635.0,2018
80837.0,82732.0,2018
80837.0,83453.0,2018
80837.0,83755.0,2018
80837.0,83852.0,2018
80896.0,80241.0,2018
80896.0,80276.0,2018
80896.0,80306.0,2018
80896.0,80403.0,2018
80896.0,80896.0,2018
80896.0,81060.0,2018
80896.0,81086.0,2018
80896.0,81167.0,2018
80896.0,81345.0,2018
80896.0,81370.0,2018
80896.0,81710.0,2018
80896.0,81728.0,2018
80896.0,81744.0,2018
80896.0,81892.0,2018
80896.0,82112.0,2018
80896.0,82198.0,2018
80896.0,82279.0,2018
80896.0,82295.0,2018
80896.0,82716.0,2018
80896.0,83232.0,2018
80896.0,83470.0,2018
80896.0,83496.0,2018
80896.0,83690.0,2018
80896.0,83739.0,2018
80896.0,83909.0,2018
80896.0,83917.0,2018
80896.0,83933.0,2018
81051.0,80110.0,2018
81051.0,80136.0,2018
81051.0,80179.0,2018
81051.0,80217.0,2018
81051.0,80233.0,2018
81051.0,80454.0,2018
81051.0,81051.0,2018
81051.0,81116.0,2018
81051.0,81183.0,2018
81051.0,82333.0,2018
81051.0,82414.0,2018
81051.0,82813.0,2018
81051.0,83097.0,2018
81051.0,83135.0,2018
81051.0,83275.0,2018
81612.0,80390.0,2018
81612.0,80616.0,2018
81612.0,80713.0,2018
81612.0,80985.0,2018
81612.0,81612.0,2018
81612.0,81639.0,2018
81612.0,82210.0,2018
81612.0,82457.0,2018
81612.0,82511.0,2018
81612.0,82651.0,2018
81612.0,83550.0,2018
81752.0,80870.0,2018
81752.0,81272.0,2018
81752.0,81752.0,2018
81752.0,82074.0,2018
81752.0,83437.0,2018
81779.0,80071.0,2018
81779.0,80225.0,2018
81779.0,80268.0,2018
81779.0,80462.0,2018
81779.0,80691.0,2018
81779.0,80756.0,2018
81779.0,80772.0,2018
81779.0,80969.0,2018
81779.0,81019.0,2018
81779.0,81310.0,2018
81779.0,81337.0,2018
81779.0,81400.0,2018
81779.0,81779.0,2018
81779.0,81787.0,2018
81779.0,81809.0,2018
81779.0,81817.0,2018
81779.0,81825.0,2018
81779.0,82317.0,2018
81779.0,82554.0,2018
81779.0,83534.0,2018
81779.0,83631.0,2018
81795.0,80250.0,2018
81795.0,80411.0,2018
81795.0,80632.0,2018
81795.0,80683.0,2018
81795.0,81124.0,2018
81795.0,81159.0,2018
81795.0,81663.0,2018
81795.0,81795.0,2018
81795.0,83194.0,2018
81833.0,80160.0,2018
81833.0,80195.0,2018
81833.0,80381.0,2018
81833.0,80497.0,2018
81833.0,80608.0,2018
81833.0,80659.0,2018
81833.0,81248.0,2018
81833.0,81264.0,2018
81833.0,81280.0,2018
81833.0,81566.0,2018
81833.0,81833.0,2018
81833.0,82619.0,2018
81833.0,83259.0,2018
81833.0,83313.0,2018
81833.0,83712.0,2018
81833.0,83895.0,2018
81833.0,83950.0,2018
81833.0,83976.0,2018
81850.0,81132.0,2018
81850.0,81418.0,2018
81850.0,81434.0,2018
81850.0,81850.0,2018
81850.0,83925.0,2018
81990.0,80730.0,2018
81990.0,81221.0,2018
81990.0,81590.0,2018
81990.0,81990.0,2018
81990.0,82031.0,2018
81990.0,82171.0,2018
81990.0,82392.0,2018
81990.0,82953.0,2018
81990.0,83119.0,2018
81990.0,83593.0,2018
82910.0,80039.0,2018
82910.0,80055.0,2018
82910.0,80101.0,2018
82910.0,80128.0,2018
82910.0,80349.0,2018
82910.0,80357.0,2018
82910.0,80365.0,2018
82910.0,80373.0,2018
82910.0,80420.0,2018
82910.0,80993.0,2018
82910.0,81353.0,2018
82910.0,81450.0,2018
82910.0,81671.0,2018
82910.0,81701.0,2018
82910.0,81876.0,2018
82910.0,81930.0,2018
82910.0,81957.0,2018
82910.0,82490.0,2018
82910.0,82694.0,2018
82910.0,82759.0,2018
82910.0,82775.0,2018
82910.0,82856.0,2018
82910.0,82872.0,2018
82910.0,82910.0,2018
82910.0,83011.0,2018
82910.0,83518.0,2018
82910.0,83658.0,2018
82910.0,83771.0,2018
82910.0,83810.0,2018
83399.0,80020.0,2018
83399.0,80152.0,2018
83399.0,80187.0,2018
83399.0,80560.0,2018
83399.0,80594.0,2018
83399.0,80640.0,2018
83399.0,80675.0,2018
83399.0,80705.0,2018
83399.0,80721.0,2018
83399.0,80748.0,2018
83399.0,80780.0,2018
83399.0,80918.0,2018
83399.0,80950.0,2018
83399.0,80977.0,2018
83399.0,81256.0,2018
83399.0,81299.0,2018
83399.0,81469.0,2018
83399.0,81485.0,2018
83399.0,81507.0,2018
83399.0,81523.0,2018
83399.0,81582.0,2018
83399.0,81604.0,2018
83399.0,81620.0,2018
83399.0,81647.0,2018
83399.0,81655.0,2018
83399.0,81680.0,2018
83399.0,81760.0,2018
83399.0,82058.0,2018
83399.0,82155.0,2018
83399.0,82350.0,2018
83399.0,82996.0,2018
83399.0,83291.0,2018
83399.0,83399.0,2018
83399.0,83682.0,2018
83674.0,80292.0,2018
83674.0,80535.0,2018
83674.0,81000.0,2018
83674.0,81027.0,2018
83674.0,81191.0,2018
83674.0,81213.0,2018
83674.0,81736.0,2018
83674.0,82430.0,2018
83674.0,82937.0,2018
83674.0,83070.0,2018
83674.0,83356.0,2018
83674.0,83372.0,2018
83674.0,83615.0,2018
83674.0,83674.0,2018
85316.0,85316.0,2018
85316.0,86487.0,2018
85316.0,86800.0,2018
85316.0,87319.0,2018
85316.0,87939.0,2018
85316.0,88439.0,2018
85316.0,88986.0,2018
85316.0,89567.0,2018
85413.0,84794.0,2018
85413.0,84824.0,2018
85413.0,84867.0,2018
85413.0,84930.0,2018
85413.0,85383.0,2018
85413.0,85405.0,2018
85413.0,85413.0,2018
85413.0,85863.0,2018
85413.0,85936.0,2018
85413.0,86061.0,2018
85413.0,86100.0,2018
85413.0,86223.0,2018
85413.0,86690.0,2018
85413.0,86878.0,2018
85413.0,87084.0,2018
85413.0,87599.0,2018
85413.0,87610.0,2018
85413.0,87629.0,2018
85413.0,87696.0,2018
85413.0,87831.0,2018
85413.0,87840.0,2018
85413.0,88161.0,2018
85413.0,89095.0,2018
85413.0,89184.0,2018
85413.0,89540.0,2018
85413.0,89591.0,2018
85413.0,89770.0,2018
85596.0,84972.0,2018
85596.0,85235.0,2018
85596.0,85529.0,2018
85596.0,85553.0,2018
85596.0,85596.0,2018
85596.0,85987.0,2018
85596.0,86088.0,2018
85596.0,86355.0,2018
85596.0,88684.0,2018
85596.0,88889.0,2018
85596.0,89176.0,2018
85596.0,89281.0,2018
85898.0,85898.0,2018
85898.0,86517.0,2018
85898.0,87246.0,2018
85898.0,89010.0,2018
85910.0,84808.0,2018
85910.0,84840.0,2018
85910.0,84964.0,2018
85910.0,85006.0,2018
85910.0,85090.0,2018
85910.0,85200.0,2018
85910.0,85260.0,2018
85910.0,85391.0,2018
85910.0,85561.0,2018
85910.0,85588.0,2018
85910.0,85910.0,2018
85910.0,86037.0,2018
85910.0,86096.0,2018
85910.0,86134.0,2018
85910.0,86142.0,2018
85910.0,86401.0,2018
85910.0,86479.0,2018
85910.0,86606.0,2018
85910.0,86630.0,2018
85910.0,86703.0,2018
85910.0,86762.0,2018
85910.0,86886.0,2018
85910.0,87106.0,2018
85910.0,87203.0,2018
85910.0,87335.0,2018
85910.0,87548.0,2018
85910.0,87556.0,2018
85910.0,87572.0,2018
85910.0,87661.0,2018
85910.0,87971.0,2018
85910.0,88250.0,2018
85910.0,88277.0,2018
85910.0,88374.0,2018
85910.0,89001.0,2018
85910.0,89036.0,2018
85910.0,89079.0,2018
85910.0,89192.0,2018
85910.0,89230.0,2018
85910.0,89320.0,2018
85910.0,89508.0,2018
85910.0,89699.0,2018
85995.0,84751.0,2018
85995.0,84905.0,2018
85995.0,84999.0,2018
85995.0,85154.0,2018
85995.0,85456.0,2018
85995.0,85715.0,2018
85995.0,85855.0,2018
85995.0,85995.0,2018
85995.0,86282.0,2018
85995.0,86452.0,2018
85995.0,86460.0,2018
85995.0,86550.0,2018
85995.0,86592.0,2018
85995.0,86614.0,2018
85995.0,86819.0,2018
85995.0,87220.0,2018
85995.0,87360.0,2018
85995.0,87670.0,2018
85995.0,87726.0,2018
85995.0,88080.0,2018
85995.0,88544.0,2018
85995.0,88676.0,2018
85995.0,88803.0,2018
85995.0,88838.0,2018
85995.0,89362.0,2018
85995.0,89532.0,2018
86193.0,84875.0,2018
86193.0,86118.0,2018
86193.0,86193.0,2018
86193.0,87017.0,2018
86193.0,87815.0,2018
86193.0,87890.0,2018
86193.0,88404.0,2018
86193.0,89044.0,2018
86193.0,89060.0,2018
86193.0,89265.0,2018
86193.0,89478.0,2018
86193.0,89753.0,2018
86193.0,98272.0,2018
86371.0,84735.0,2018
86371.0,84743.0,2018
86371.0,84859.0,2018
86371.0,85081.0,2018
86371.0,85170.0,2018
86371.0,85243.0,2018
86371.0,85286.0,2018
86371.0,85332.0,2018
86371.0,85359.0,2018
86371.0,85634.0,2018
86371.0,85758.0,2018
86371.0,85928.0,2018
86371.0,86029.0,2018
86371.0,86371.0,2018
86371.0,86380.0,2018
86371.0,86410.0,2018
86371.0,86525.0,2018
86371.0,86541.0,2018
86371.0,86568.0,2018
86371.0,86711.0,2018
86371.0,86770.0,2018
86371.0,87157.0,2018
86371.0,87190.0,2018
86371.0,87351.0,2018
86371.0,87394.0,2018
86371.0,87416.0,2018
86371.0,87440.0,2018
86371.0,87459.0,2018
86371.0,87688.0,2018
86371.0,87750.0,2018
86371.0,88242.0,2018
86371.0,88358.0,2018
86371.0,88420.0,2018
86371.0,88757.0,2018
86371.0,88978.0,2018
86371.0,89133.0,2018
86371.0,89206.0,2018
86371.0,89346.0,2018
86371.0,89389.0,2018
86371.0,89613.0,2018
86835.0,85502.0,2018
86835.0,85618.0,2018
86835.0,86835.0,2018
86835.0,88552.0,2018
87050.0,85030.0,2018
87050.0,85294.0,2018
87050.0,85979.0,2018
87050.0,86053.0,2018
87050.0,86622.0,2018
87050.0,86827.0,2018
87050.0,87050.0,2018
87050.0,87866.0,2018
87050.0,88560.0,2018
87050.0,88595.0,2018
87050.0,89087.0,2018
87050.0,98299.0,2018
87297.0,84760.0,2018
87297.0,84921.0,2018
87297.0,85138.0,2018
87297.0,85197.0,2018
87297.0,85278.0,2018
87297.0,85421.0,2018
87297.0,85472.0,2018
87297.0,85766.0,2018
87297.0,85782.0,2018
87297.0,86126.0,2018
87297.0,86215.0,2018
87297.0,86339.0,2018
87297.0,86509.0,2018
87297.0,86533.0,2018
87297.0,86584.0,2018
87297.0,86843.0,2018
87297.0,87076.0,2018
87297.0,87297.0,2018
87297.0,87530.0,2018
87297.0,87602.0,2018
87297.0,87637.0,2018
87297.0,87904.0,2018
87297.0,87980.0,2018
87297.0,88072.0,2018
87297.0,88196.0,2018
87297.0,88307.0,2018
87297.0,88781.0,2018
87297.0,88820.0,2018
87297.0,89109.0,2018
87297.0,89168.0,2018
87297.0,89222.0,2018
87297.0,89524.0,2018
87297.0,98213.0,2018
87718.0,84816.0,2018
87718.0,85324.0,2018
87718.0,85740.0,2018
87718.0,85774.0,2018
87718.0,86207.0,2018
87718.0,86258.0,2018
87718.0,86495.0,2018
87718.0,86908.0,2018
87718.0,86924.0,2018
87718.0,87033.0,2018
87718.0,87149.0,2018
87718.0,87173.0,2018
87718.0,87505.0,2018
87718.0,87718.0,2018
87718.0,87998.0,2018
87718.0,88234.0,2018
87718.0,88773.0,2018
87718.0,88862.0,2018
87718.0,88935.0,2018
87718.0,88994.0,2018
87718.0,89273.0,2018
87718.0,89370.0,2018
87718.0,98230.0,2018
87718.0,98256.0,2018
87777.0,84786.0,2018
87777.0,85227.0,2018
87777.0,85340.0,2018
87777.0,85510.0,2018
87777.0,85600.0,2018
87777.0,85669.0,2018
87777.0,85677.0,2018
87777.0,85790.0,2018
87777.0,85847.0,2018
87777.0,86150.0,2018
87777.0,86304.0,2018
87777.0,86363.0,2018
87777.0,86428.0,2018
87777.0,86436.0,2018
87777.0,86444.0,2018
87777.0,86665.0,2018
87777.0,86673.0,2018
87777.0,86681.0,2018
87777.0,86860.0,2018
87777.0,87114.0,2018
87777.0,87262.0,2018
87777.0,87300.0,2018
87777.0,87408.0,2018
87777.0,87475.0,2018
87777.0,87564.0,2018
87777.0,87769.0,2018
87777.0,87777.0,2018
87777.0,87793.0,2018
87777.0,88110.0,2018
87777.0,88218.0,2018
87777.0,88285.0,2018
87777.0,88528.0,2018
87777.0,89052.0,2018
87777.0,89311.0,2018
87777.0,89419.0,2018
87777.0,89486.0,2018
87777.0,89656.0,2018
87858.0,84832.0,2018
87858.0,84913.0,2018
87858.0,84948.0,2018
87858.0,85022.0,2018
87858.0,85642.0,2018
87858.0,85820.0,2018
87858.0,85880.0,2018
87858.0,85952.0,2018
87858.0,85960.0,2018
87858.0,86070.0,2018
87858.0,86169.0,2018
87858.0,86231.0,2018
87858.0,86649.0,2018
87858.0,86746.0,2018
87858.0,86975.0,2018
87858.0,86991.0,2018
87858.0,87025.0,2018
87858.0,87165.0,2018
87858.0,87181.0,2018
87858.0,87270.0,2018
87858.0,87378.0,2018
87858.0,87424.0,2018
87858.0,87645.0,2018
87858.0,87858.0,2018
87858.0,88021.0,2018
87858.0,88048.0,2018
87858.0,88749.0,2018
87858.0,89117.0,2018
87858.0,89125.0,2018
87858.0,89214.0,2018
87858.0,89247.0,2018
87912.0,85251.0,2018
87912.0,85871.0,2018
87912.0,86045.0,2018
87912.0,86185.0,2018
87912.0,86398.0,2018
87912.0,87211.0,2018
87912.0,87874.0,2018
87912.0,87912.0,2018
87912.0,87955.0,2018
87912.0,88501.0,2018
87912.0,88641.0,2018
87912.0,88790.0,2018
87912.0,89028.0,2018
87912.0,89737.0,2018
88013.0,84891.0,2018
88013.0,85065.0,2018
88013.0,85111.0,2018
88013.0,85146.0,2018
88013.0,85189.0,2018
88013.0,85219.0,2018
88013.0,85375.0,2018
88013.0,85464.0,2018
88013.0,85537.0,2018
88013.0,85693.0,2018
88013.0,85723.0,2018
88013.0,85944.0,2018
88013.0,86240.0,2018
88013.0,86274.0,2018
88013.0,86320.0,2018
88013.0,86347.0,2018
88013.0,86738.0,2018
88013.0,86851.0,2018
88013.0,86932.0,2018
88013.0,86983.0,2018
88013.0,87009.0,2018
88013.0,87068.0,2018
88013.0,87327.0,2018
88013.0,87491.0,2018
88013.0,87513.0,2018
88013.0,87807.0,2018
88013.0,87882.0,2018
88013.0,87920.0,2018
88013.0,88013.0,2018
88013.0,88200.0,2018
88013.0,88269.0,2018
88013.0,88331.0,2018
88013.0,88366.0,2018
88013.0,88714.0,2018
88013.0,88722.0,2018
88013.0,89257.0,2018
88013.0,89290.0,2018
88013.0,89435.0,2018
88013.0,89460.0,2018
88013.0,89630.0,2018
88013.0,89672.0,2018
88013.0,89710.0,2018
88153.0,88153.0,2018
88153.0,88498.0,2018
88153.0,88730.0,2018
88153.0,88846.0,2018
88390.0,84980.0,2018
88390.0,85812.0,2018
88390.0,86789.0,2018
88390.0,87041.0,2018
88390.0,87343.0,2018
88390.0,87947.0,2018
88390.0,88064.0,2018
88390.0,88170.0,2018
88390.0,88323.0,2018
88390.0,88390.0,2018
88390.0,88668.0,2018
88390.0,89559.0,2018
88390.0,89575.0,2018
88412.0,84956.0,2018
88412.0,85014.0,2018
88412.0,85626.0,2018
88412.0,86312.0,2018
88412.0,86576.0,2018
88412.0,86657.0,2018
88412.0,87254.0,2018
88412.0,87386.0,2018
88412.0,87432.0,2018
88412.0,87521.0,2018
88412.0,87653.0,2018
88412.0,87700.0,2018
88412.0,87785.0,2018
88412.0,88102.0,2018
88412.0,88137.0,2018
88412.0,88188.0,2018
88412.0,88382.0,2018
88412.0,88412.0,2018
88412.0,88587.0,2018
88412.0,88900.0,2018
88412.0,88919.0,2018
88412.0,88951.0,2018
88412.0,89443.0,2018
88455.0,85570.0,2018
88455.0,86290.0,2018
88455.0,88099.0,2018
88455.0,88315.0,2018
88455.0,88455.0,2018
88455.0,88692.0,2018
88471.0,84883.0,2018
88471.0,85057.0,2018
88471.0,85430.0,2018
88471.0,85545.0,2018
88471.0,85707.0,2018
88471.0,85731.0,2018
88471.0,85839.0,2018
88471.0,86177.0,2018
88471.0,86916.0,2018
88471.0,86959.0,2018
88471.0,87092.0,2018
88471.0,87289.0,2018
88471.0,87467.0,2018
88471.0,87483.0,2018
88471.0,87742.0,2018
88471.0,87963.0,2018
88471.0,88030.0,2018
88471.0,88226.0,2018
88471.0,88471.0,2018
88471.0,88617.0,2018
88471.0,88854.0,2018
88471.0,88897.0,2018
88471.0,89397.0,2018
88471.0,89451.0,2018
88471.0,89494.0,2018
88510.0,85120.0,2018
88510.0,85901.0,2018
88510.0,86754.0,2018
88510.0,87238.0,2018
88510.0,88447.0,2018
88510.0,88480.0,2018
88510.0,88510.0,2018
88510.0,88633.0,2018
88510.0,88650.0,2018
88510.0,89141.0,2018
88536.0,84778.0,2018
88536.0,85049.0,2018
88536.0,85103.0,2018
88536.0,85448.0,2018
88536.0,85480.0,2018
88536.0,85499.0,2018
88536.0,85650.0,2018
88536.0,86010.0,2018
88536.0,86720.0,2018
88536.0,86797.0,2018
88536.0,86894.0,2018
88536.0,87580.0,2018
88536.0,87823.0,2018
88536.0,88056.0,2018
88536.0,88129.0,2018
88536.0,88293.0,2018
88536.0,88536.0,2018
88536.0,88579.0,2018
88536.0,88609.0,2018
88536.0,88706.0,2018
88536.0,88765.0,2018
88536.0,88811.0,2018
88536.0,88870.0,2018
88536.0,89303.0,2018
88536.0,89400.0,2018
89150.0,85162.0,2018
89150.0,85308.0,2018
89150.0,85367.0,2018
89150.0,85685.0,2018
89150.0,85804.0,2018
89150.0,86967.0,2018
89150.0,87122.0,2018
89150.0,87734.0,2018
89150.0,88005.0,2018
89150.0,88145.0,2018
89150.0,88340.0,2018
89150.0,88463.0,2018
89150.0,88927.0,2018
89150.0,88943.0,2018
89150.0,89150.0,2018
89150.0,89249.0,2018
89150.0,89338.0,2018
89150.0,89354.0,2018
89516.0,85073.0,2018
89516.0,86940.0,2018
89516.0,87130.0,2018
89516.0,88625.0,2018
89516.0,89516.0,2018
89850.0,89796.0,2018
89850.0,89826.0,2018
89850.0,89850.0,2018
89850.0,89877.0,2018
89850.0,90107.0,2018
89850.0,90140.0,2018
89850.0,90522.0,2018
89850.0,90603.0,2018
89850.0,90620.0,2018
89850.0,90760.0,2018
89850.0,90786.0,2018
89850.0,90808.0,2018
89850.0,90840.0,2018
89850.0,98698.0,2018
89850.0,98710.0,2018
89850.0,98752.0,2018
89850.0,98817.0,2018
89850.0,98833.0,2018
89850.0,98930.0,2018
89850.0,98957.0,2018
89850.0,98973.0,2018
89850.0,99058.0,2018
90352.0,89843.0,2018
90352.0,90042.0,2018
90352.0,90069.0,2018
90352.0,90085.0,2018
90352.0,90247.0,2018
90352.0,90280.0,2018
90352.0,90352.0,2018
90352.0,90441.0,2018
90352.0,90662.0,2018
90352.0,90700.0,2018
90352.0,90778.0,2018
90352.0,90905.0,2018
90352.0,90921.0,2018
90352.0,90948.0,2018
90352.0,90964.0,2018
90352.0,90980.0,2018
90352.0,91057.0,2018
90352.0,91332.0,2018
90352.0,91618.0,2018
90352.0,91634.0,2018
90352.0,91839.0,2018
90352.0,91910.0,2018
90352.0,91936.0,2018
90352.0,91952.0,2018
90352.0,91979.0,2018
90352.0,98639.0,2018
90352.0,98655.0,2018
90352.0,98671.0,2018
90352.0,98779.0,2018
90352.0,98850.0,2018
90352.0,98990.0,2018
90476.0,89800.0,2018
90476.0,89893.0,2018
90476.0,89915.0,2018
90476.0,89931.0,2018
90476.0,89958.0,2018
90476.0,89974.0,2018
90476.0,89990.0,2018
90476.0,90182.0,2018
90476.0,90204.0,2018
90476.0,90301.0,2018
90476.0,90476.0,2018
90476.0,90867.0,2018
90476.0,91006.0,2018
90476.0,91022.0,2018
90476.0,91090.0,2018
90476.0,91774.0,2018
90476.0,98876.0,2018
90476.0,98914.0,2018
90476.0,99015.0,2018
90476.0,99031.0,2018
90476.0,99074.0,2018
90514.0,55050.0,2018
90514.0,55069.0,2018
90514.0,90131.0,2018
90514.0,90212.0,2018
90514.0,90298.0,2018
90514.0,90433.0,2018
90514.0,90492.0,2018
90514.0,90514.0,2018
90514.0,90611.0,2018
90514.0,90972.0,2018
90514.0,91111.0,2018
90514.0,91154.0,2018
90514.0,91375.0,2018
90514.0,91413.0,2018
90514.0,91499.0,2018
90514.0,91570.0,2018
90514.0,91596.0,2018
90514.0,91804.0,2018
90514.0,98019.0,2018
90638.0,90638.0,2018
90638.0,91030.0,2018
90654.0,55018.0,2018
90654.0,90654.0,2018
90654.0,91278.0,2018
90654.0,91456.0,2018
90654.0,91472.0,2018
90654.0,91880.0,2018
90654.0,98035.0,2018
90654.0,98094.0,2018
90670.0,89818.0,2018
90670.0,89834.0,2018
90670.0,90018.0,2018
90670.0,90263.0,2018
90670.0,90310.0,2018
90670.0,90344.0,2018
90670.0,90360.0,2018
90670.0,90387.0,2018
90670.0,90506.0,2018
90670.0,90565.0,2018
90670.0,90590.0,2018
90670.0,90670.0,2018
90670.0,90727.0,2018
90670.0,90743.0,2018
90670.0,90824.0,2018
90670.0,90883.0,2018
90670.0,91219.0,2018
90670.0,91294.0,2018
90670.0,91553.0,2018
90670.0,91677.0,2018
90670.0,91855.0,2018
90670.0,98892.0,2018
90697.0,90093.0,2018
90697.0,90123.0,2018
90697.0,90166.0,2018
90697.0,90255.0,2018
90697.0,90328.0,2018
90697.0,90336.0,2018
90697.0,90484.0,2018
90697.0,90646.0,2018
90697.0,90689.0,2018
90697.0,90697.0,2018
90697.0,91049.0,2018
90697.0,91081.0,2018
90697.0,91103.0,2018
90697.0,91170.0,2018
90697.0,91197.0,2018
90697.0,91537.0,2018
90697.0,91995.0,2018
90697.0,98337.0,2018
90697.0,98736.0,2018
90735.0,55000.0,2018
90735.0,55042.0,2018
90735.0,90158.0,2018
90735.0,90395.0,2018
90735.0,90557.0,2018
90735.0,90735.0,2018
90735.0,90751.0,2018
90735.0,90794.0,2018
90735.0,90891.0,2018
90735.0,90930.0,2018
90735.0,91073.0,2018
90735.0,91235.0,2018
90735.0,91430.0,2018
90735.0,91693.0,2018
90735.0,91758.0,2018
90735.0,91901.0,2018
90735.0,98051.0,2018
90735.0,98175.0,2018
91138.0,55034.0,2018
91138.0,90859.0,2018
91138.0,91014.0,2018
91138.0,91138.0,2018
91138.0,91731.0,2018
91138.0,91790.0,2018
91138.0,91820.0,2018
91138.0,98078.0,2018
91138.0,98132.0,2018
91138.0,98159.0,2018
91316.0,55026.0,2018
91316.0,90115.0,2018
91316.0,90174.0,2018
91316.0,90417.0,2018
91316.0,90530.0,2018
91316.0,90816.0,2018
91316.0,90999.0,2018
91316.0,91316.0,2018
91316.0,91715.0,2018
91316.0,91847.0,2018
91316.0,98590.0,2018
91510.0,90026.0,2018
91510.0,90050.0,2018
91510.0,90077.0,2018
91510.0,90239.0,2018
91510.0,90409.0,2018
91510.0,90719.0,2018
91510.0,90832.0,2018
91510.0,90913.0,2018
91510.0,90956.0,2018
91510.0,91391.0,2018
91510.0,91510.0,2018
91510.0,91812.0,2018
91510.0,91898.0,2018
91510.0,98612.0,2018
91650.0,90034.0,2018
91650.0,90190.0,2018
91650.0,90379.0,2018
91650.0,90450.0,2018
91650.0,90573.0,2018
91650.0,90875.0,2018
91650.0,91251.0,2018
91650.0,91650.0,2018
91650.0,91782.0,2018
91650.0,91863.0,2018
91650.0,98116.0,2018
92215.0,92010.0,2018
92215.0,92053.0,2018
92215.0,92215.0,2018
92215.0,92886.0,2018
92215.0,93173.0,2018
92215.0,93343.0,2018
92215.0,93564.0,2018
92215.0,93580.0,2018
92215.0,95052.0,2018
92215.0,95435.0,2018
92215.0,95931.0,2018
92215.0,96776.0,2018
92274.0,92274.0,2018
92274.0,93890.0,2018
92410.0,73016.0,2018
92410.0,73024.0,2018
92410.0,73032.0,2018
92410.0,73040.0,2018
92410.0,73059.0,2018
92410.0,73067.0,2018
92410.0,73075.0,2018
92410.0,73083.0,2018
92410.0,73091.0,2018
92410.0,73180.0,2018
92410.0,73237.0,2018
92410.0,73245.0,2018
92410.0,73253.0,2018
92410.0,73261.0,2018
92410.0,73288.0,2018
92410.0,73296.0,2018
92410.0,73318.0,2018
92410.0,73326.0,2018
92410.0,73334.0,2018
92410.0,73342.0,2018
92410.0,73350.0,2018
92410.0,73423.0,2018
92410.0,73512.0,2018
92410.0,73520.0,2018
92410.0,73539.0,2018
92410.0,73580.0,2018
92410.0,73610.0,2018
92410.0,92002.0,2018
92410.0,92045.0,2018
92410.0,92193.0,2018
92410.0,92410.0,2018
92410.0,92436.0,2018
92410.0,92452.0,2018
92410.0,92525.0,2018
92410.0,92541.0,2018
92410.0,92576.0,2018
92410.0,92592.0,2018
92410.0,93114.0,2018
92410.0,93211.0,2018
92410.0,93556.0,2018
92410.0,94099.0,2018
92410.0,94170.0,2018
92410.0,94838.0,2018
92410.0,95338.0,2018
92410.0,96032.0,2018
92410.0,96130.0,2018
92410.0,96210.0,2018
92410.0,96296.0,2018
92410.0,96431.0,2018
92410.0,96636.0,2018
92410.0,96652.0,2018
92410.0,96857.0,2018
93610.0,92118.0,2018
93610.0,92150.0,2018
93610.0,92720.0,2018
93610.0,92762.0,2018
93610.0,92797.0,2018
93610.0,92975.0,2018
93610.0,93050.0,2018
93610.0,93092.0,2018
93610.0,93262.0,2018
93610.0,93289.0,2018
93610.0,93351.0,2018
93610.0,93599.0,2018
93610.0,93610.0,2018
93610.0,93831.0,2018
93610.0,93939.0,2018
93610.0,94498.0,2018
93610.0,94676.0,2018
93610.0,94951.0,2018
93610.0,95613.0,2018
93610.0,95915.0,2018
93610.0,95958.0,2018
93610.0,95974.0,2018
93610.0,96113.0,2018
93610.0,96938.0,2018
93734.0,92029.0,2018
93734.0,92100.0,2018
93734.0,92169.0,2018
93734.0,92177.0,2018
93734.0,92207.0,2018
93734.0,92223.0,2018
93734.0,92231.0,2018
93734.0,92258.0,2018
93734.0,92282.0,2018
93734.0,92312.0,2018
93734.0,92320.0,2018
93734.0,92339.0,2018
93734.0,92355.0,2018
93734.0,92495.0,2018
93734.0,92517.0,2018
93734.0,92550.0,2018
93734.0,92568.0,2018
93734.0,92614.0,2018
93734.0,92622.0,2018
93734.0,92657.0,2018
93734.0,92665.0,2018
93734.0,92673.0,2018
93734.0,92703.0,2018
93734.0,92711.0,2018
93734.0,92754.0,2018
93734.0,92827.0,2018
93734.0,92835.0,2018
93734.0,92894.0,2018
93734.0,92908.0,2018
93734.0,92916.0,2018
93734.0,92959.0,2018
93734.0,92983.0,2018
93734.0,93017.0,2018
93734.0,93033.0,2018
93734.0,93041.0,2018
93734.0,93106.0,2018
93734.0,93122.0,2018
93734.0,93149.0,2018
93734.0,93157.0,2018
93734.0,93190.0,2018
93734.0,93220.0,2018
93734.0,93270.0,2018
93734.0,93319.0,2018
93734.0,93335.0,2018
93734.0,93360.0,2018
93734.0,93378.0,2018
93734.0,93394.0,2018
93734.0,93432.0,2018
93734.0,93483.0,2018
93734.0,93491.0,2018
93734.0,93505.0,2018
93734.0,93530.0,2018
93734.0,93572.0,2018
93734.0,93670.0,2018
93734.0,93696.0,2018
93734.0,93718.0,2018
93734.0,93734.0,2018
93734.0,93750.0,2018
93734.0,93777.0,2018
93734.0,93815.0,2018
93734.0,93874.0,2018
93734.0,93955.0,2018
93734.0,93971.0,2018
93734.0,93998.0,2018
93734.0,94013.0,2018
93734.0,94030.0,2018
93734.0,94072.0,2018
93734.0,94153.0,2018
93734.0,94196.0,2018
93734.0,94234.0,2018
93734.0,94277.0,2018
93734.0,94293.0,2018
93734.0,94315.0,2018
93734.0,94358.0,2018
93734.0,94390.0,2018
93734.0,94439.0,2018
93734.0,94471.0,2018
93734.0,94650.0,2018
93734.0,94714.0,2018
93734.0,94757.0,2018
93734.0,94773.0,2018
93734.0,94854.0,2018
93734.0,94870.0,2018
93734.0,94935.0,2018
93734.0,94978.0,2018
93734.0,95010.0,2018
93734.0,95036.0,2018
93734.0,95079.0,2018
93734.0,95117.0,2018
93734.0,95133.0,2018
93734.0,95150.0,2018
93734.0,95230.0,2018
93734.0,95311.0,2018
93734.0,95397.0,2018
93734.0,95419.0,2018
93734.0,95451.0,2018
93734.0,95494.0,2018
93734.0,95672.0,2018
93734.0,95753.0,2018
93734.0,95770.0,2018
93734.0,95796.0,2018
93734.0,95850.0,2018
93734.0,95990.0,2018
93734.0,96091.0,2018
93734.0,96172.0,2018
93734.0,96237.0,2018
93734.0,96253.0,2018
93734.0,96318.0,2018
93734.0,96350.0,2018
93734.0,96377.0,2018
93734.0,96393.0,2018
93734.0,96415.0,2018
93734.0,96610.0,2018
93734.0,96695.0,2018
93734.0,96717.0,2018
93734.0,96814.0,2018
93734.0,96911.0,2018
93858.0,73148.0,2018
93858.0,73156.0,2018
93858.0,73164.0,2018
93858.0,73172.0,2018
93858.0,73300.0,2018
93858.0,73369.0,2018
93858.0,73377.0,2018
93858.0,73393.0,2018
93858.0,73431.0,2018
93858.0,73482.0,2018
93858.0,73504.0,2018
93858.0,73555.0,2018
93858.0,73601.0,2018
93858.0,92070.0,2018
93858.0,92134.0,2018
93858.0,92142.0,2018
93858.0,92398.0,2018
93858.0,92479.0,2018
93858.0,92509.0,2018
93858.0,92533.0,2018
93858.0,92584.0,2018
93858.0,92681.0,2018
93858.0,93130.0,2018
93858.0,93416.0,2018
93858.0,93475.0,2018
93858.0,93653.0,2018
93858.0,93858.0,2018
93858.0,94811.0,2018
93858.0,95214.0,2018
93858.0,95273.0,2018
93858.0,95516.0,2018
93858.0,96156.0,2018
93858.0,96490.0,2018
93858.0,96679.0,2018
93858.0,96954.0,2018
94250.0,92037.0,2018
94250.0,92096.0,2018
94250.0,92690.0,2018
94250.0,92770.0,2018
94250.0,93165.0,2018
94250.0,93793.0,2018
94250.0,94250.0,2018
94250.0,94374.0,2018
94250.0,94536.0,2018
94250.0,94730.0,2018
94250.0,95176.0,2018
94250.0,96571.0,2018
94250.0,96733.0,2018
94331.0,92290.0,2018
94331.0,92460.0,2018
94331.0,92878.0,2018
94331.0,92924.0,2018
94331.0,93068.0,2018
94331.0,93602.0,2018
94331.0,94110.0,2018
94331.0,94218.0,2018
94331.0,94331.0,2018
94331.0,94595.0,2018
94331.0,95575.0,2018
94331.0,95834.0,2018
94331.0,96075.0,2018
94331.0,96750.0,2018
94455.0,92347.0,2018
94455.0,93025.0,2018
94455.0,93254.0,2018
94455.0,93300.0,2018
94455.0,93327.0,2018
94455.0,94455.0,2018
94455.0,95095.0,2018
95710.0,92266.0,2018
95710.0,92363.0,2018
95710.0,92800.0,2018
95710.0,92819.0,2018
95710.0,92851.0,2018
95710.0,92967.0,2018
95710.0,93009.0,2018
95710.0,93203.0,2018
95710.0,93424.0,2018
95710.0,94552.0,2018
95710.0,94579.0,2018
95710.0,95630.0,2018
95710.0,95710.0,2018
95710.0,95818.0,2018
95710.0,96059.0,2018
95710.0,96458.0,2018
96334.0,92061.0,2018
96334.0,92126.0,2018
96334.0,92444.0,2018
96334.0,92630.0,2018
96334.0,92649.0,2018
96334.0,92789.0,2018
96334.0,92860.0,2018
96334.0,92932.0,2018
96334.0,92940.0,2018
96334.0,92991.0,2018
96334.0,93076.0,2018
96334.0,93084.0,2018
96334.0,93181.0,2018
96334.0,93246.0,2018
96334.0,93297.0,2018
96334.0,93386.0,2018
96334.0,93408.0,2018
96334.0,93440.0,2018
96334.0,93513.0,2018
96334.0,93548.0,2018
96334.0,93637.0,2018
96334.0,93912.0,2018
96334.0,94137.0,2018
96334.0,94510.0,2018
96334.0,94790.0,2018
96334.0,94897.0,2018
96334.0,94919.0,2018
96334.0,95354.0,2018
96334.0,95559.0,2018
96334.0,95656.0,2018
96334.0,95737.0,2018
96334.0,95877.0,2018
96334.0,95893.0,2018
96334.0,96016.0,2018
96334.0,96334.0,2018
96334.0,96474.0,2018
96334.0,96512.0,2018
96334.0,96539.0,2018
96334.0,96555.0,2018
96334.0,96873.0,2018
96334.0,96890.0,2018
98310.0,89788.0,2018
98310.0,89960.0,2018
98310.0,90220.0,2018
98310.0,90271.0,2018
98310.0,90425.0,2018
98310.0,90468.0,2018
98310.0,90549.0,2018
98310.0,90581.0,2018
98310.0,91359.0,2018
98310.0,98191.0,2018
98310.0,98310.0,2018
98310.0,98795.0,2018
98477.0,2054.0,2018
98477.0,2135.0,2018
98477.0,2496.0,2018
98477.0,2739.0,2018
98477.0,2755.0,2018
98477.0,2917.0,2018
98477.0,98477.0,2018
98477.0,98515.0,2018
